apple,-1.989e+11,3.94382e+22,4.34376e+27,4.35731e+27,1.18871e+55,-8.65319e+38,1.87508e+55,
apple,-2.43395e+11,5.79503e+22,6.33687e+27,6.47893e+27,2.11009e+55,-1.55966e+39,4.15082e+55,
apple,-3.18142e+11,1.01553e+23,1.41057e+28,1.4058e+28,1.49852e+56,-4.47992e+39,1.88949e+56,
apple,-1.04005e+11,1.12191e+22,1.11546e+27,1.07385e+27,1.16669e+53,-1.13742e+38,1.03717e+54,
apple,-3.00782e+11,9.09649e+22,1.24138e+28,1.23467e+28,1.09063e+56,-3.72382e+39,1.481e+56,
apple,-3.02026e+11,9.05054e+22,1.2796e+28,1.28971e+28,1.36932e+56,-3.87997e+39,1.53232e+56,
apple,-2.75867e+11,7.39471e+22,9.94384e+27,1.02375e+28,8.51878e+55,-2.7839e+39,9.56127e+55,
apple,-2.68948e+11,7.17371e+22,9.69937e+27,9.77998e+27,8.58288e+55,-2.61945e+39,8.40893e+55,
apple,-2.36252e+11,5.632e+22,7.31973e+27,7.25234e+27,5.19212e+55,-1.72111e+39,4.34115e+55,
apple,-1.77622e+11,3.24037e+22,3.26406e+27,3.17572e+27,9.49844e+54,-5.71663e+38,8.83271e+54,
apple,-2.63124e+11,7.00991e+22,9.71735e+27,9.59628e+27,7.40233e+55,-2.54073e+39,8.68918e+55,
apple,-3.66451e+11,1.38295e+23,2.15147e+28,2.08897e+28,2.79017e+56,-7.76849e+39,4.37811e+56,
apple,-3.60832e+11,1.31206e+23,2.13675e+28,2.12009e+28,2.50126e+56,-7.67945e+39,4.50366e+56,
apple,-3.38657e+11,1.15521e+23,1.73412e+28,1.72136e+28,2.17687e+56,-5.85064e+39,2.86443e+56,
bat,-6.7013e+11,4.55906e+23,5.38937e+28,5.3088e+28,2.5473e+57,-3.58454e+40,2.51423e+57,
bat,-9.68981e+11,9.31918e+23,1.80834e+29,1.82199e+29,1.28363e+58,-1.75887e+41,3.27941e+58,
bat,-8.95527e+11,7.97729e+23,1.43221e+29,1.43981e+29,1.09569e+58,-1.28598e+41,2.0663e+58,
bat,-5.85809e+11,3.48437e+23,3.48015e+28,3.42754e+28,1.22829e+57,-2.02323e+40,1.41576e+55,
bat,-6.95108e+11,4.89027e+23,5.78654e+28,5.71748e+28,-4.39312e+56,-3.99826e+40,3.2836e+56,
bat,-1.15953e+12,1.34138e+24,4.94939e+29,4.9609e+29,2.85193e+59,-5.74561e+41,1.42304e+59,
bat,-2.11963e+12,4.49365e+24,3.0347e+30,3.03415e+30,3.6176e+60,-6.43187e+42,9.13619e+60,
bat,-2.74608e+11,7.60017e+22,1.09925e+28,1.09058e+28,1.42599e+56,-3.00656e+39,5.63231e+55,
bat,-5.55505e+11,3.12223e+23,9.15208e+28,9.04559e+28,4.21265e+57,-5.0544e+40,8.22972e+57,
bat,-4.9934e+11,2.49125e+23,3.60223e+28,3.605e+28,-2.60281e+56,-1.79934e+40,5.7035e+56,
bat,-8.51029e+10,8.1043e+21,1.304e+26,1.165e+26,1.44748e+52,-1.04877e+37,3.57724e+49,
bat,-1.15478e+12,1.33021e+24,2.74009e+29,2.74688e+29,6.60894e+58,-3.1681e+41,6.76473e+58,
bat,-5.17864e+11,2.69148e+23,2.45571e+28,2.44702e+28,6.10322e+56,-1.2695e+40,2.17729e+54,
bat,-3.34912e+11,1.14592e+23,6.82129e+27,6.6783e+27,-7.98134e+54,-2.2607e+39,8.2652e+54,
beetle,-9.00964e+10,7.93262e+21,1.82349e+26,1.86639e+26,2.48943e+52,-1.6623e+37,3.32704e+52,
beetle,-3.84382e+11,1.50181e+23,2.71232e+28,2.66827e+28,3.5927e+56,-1.03404e+40,7.17796e+56,
beetle,-1.07684e+11,1.21332e+22,9.67269e+26,9.23882e+26,3.76917e+53,-1.01766e+38,8.7086e+53,
beetle,-8.62117e+11,7.4653e+23,1.86212e+29,1.85397e+29,-5.42095e+57,-1.60187e+41,2.01663e+58,
beetle,-5.2778e+10,2.97365e+21,1.93224e+26,1.80291e+26,1.54999e+51,-9.83145e+36,2.83739e+52,
beetle,-1.03555e+11,1.07075e+22,1.3171e+27,1.31812e+27,7.99727e+53,-1.36395e+38,1.73498e+54,
beetle,-9.57924e+10,8.45558e+21,7.31455e+26,7.95459e+26,9.4732e+51,-7.31459e+37,4.98325e+53,
beetle,-1.90693e+11,3.67688e+22,6.65496e+27,6.58155e+27,1.80752e+55,-1.26203e+39,4.33462e+55,
beetle,-4.2159e+11,1.75242e+23,6.02394e+28,6.11023e+28,2.17651e+57,-2.55786e+40,3.68833e+57,
beetle,-4.0728e+11,1.65456e+23,5.77057e+28,5.78495e+28,1.99695e+57,-2.3531e+40,3.32117e+57,
beetle,-7.79147e+10,6.11857e+21,5.68421e+26,5.64034e+26,-6.25512e+52,-4.41194e+37,1.47834e+53,
beetle,-1.43231e+11,2.1577e+22,3.76681e+27,3.58089e+27,4.88494e+54,-5.26001e+38,1.30053e+55,
beetle,-7.06391e+10,5.51203e+21,5.43855e+26,4.91786e+26,-4.4834e+52,-3.65117e+37,1.36731e+53,
beetle,-6.46544e+10,3.72718e+21,2.16598e+26,2.43402e+26,-8.01854e+51,-1.48598e+37,3.46875e+52,
bell,-1.7661e+11,2.98501e+22,4.02275e+27,4.20626e+27,1.24575e+55,-7.26724e+38,1.67277e+55,
bell,3.18127e+08,4.85199e+15,3.07094e+21,6.30784e+21,7.71207e+42,5.61299e+28,3.02072e+43,
bell,-8.75906e+10,7.63447e+21,5.59835e+26,5.6207e+26,7.87221e+52,-4.91111e+37,3.01722e+53,
bell,8.66309e+08,8.64723e+16,3.72201e+22,8.11272e+22,5.13638e+44,3.21632e+30,4.33125e+45,
bell,-1.49995e+11,2.39405e+22,2.27211e+27,2.13452e+27,2.23515e+54,-3.30268e+38,4.69919e+54,
bell,-1.94589e+10,3.32566e+20,1.00774e+25,1.1097e+25,1.67502e+48,-2.02354e+35,9.76085e+49,
bell,-1.94457e+10,3.30586e+20,1.00197e+25,1.10585e+25,1.45932e+48,-2.01053e+35,9.68597e+49,
bell,-8.28218e+10,7.54228e+21,5.55737e+26,5.04597e+26,8.21262e+52,-4.38224e+37,2.60645e+53,
bell,-8.71081e+10,7.66819e+21,5.69876e+26,5.63557e+26,7.59479e+52,-4.93497e+37,3.04172e+53,
bell,-1.51018e+12,2.27147e+24,6.85811e+29,6.88593e+29,1.25924e+59,-1.0378e+42,4.55464e+59,
bell,-4.20375e+11,1.7939e+23,2.99034e+28,2.94555e+28,3.06482e+56,-1.24757e+40,8.61022e+56,
bell,-6.18709e+09,7.44591e+19,1.67759e+24,8.43033e+23,6.17668e+47,-7.27176e+33,1.01193e+48,
bell,-6.17254e+09,7.46308e+19,1.69041e+24,8.39548e+23,6.16388e+47,-7.24927e+33,1.01265e+48,
bell,8.61383e+08,8.40361e+16,3.35596e+22,7.76983e+22,6.49274e+44,3.35856e+30,3.81594e+45,
bird,-6.56661e+11,4.32275e+23,9.28864e+28,9.26565e+28,6.80047e+57,-6.09194e+40,8.08851e+57,
bird,-1.90539e+11,3.50347e+22,4.16033e+27,4.31276e+27,7.69911e+54,-8.07243e+38,1.81991e+55,
bird,-3.28475e+11,1.0652e+23,6.15115e+27,6.23163e+27,-6.06482e+54,-2.03384e+39,5.35897e+54,
bird,-7.20723e+11,5.22153e+23,6.67205e+28,6.63719e+28,-3.73467e+52,-4.79604e+40,-1.67354e+50,
bird,-1.41019e+12,1.99221e+24,6.06257e+29,6.05175e+29,1.42898e+59,-8.54177e+41,3.6358e+59,
bird,-1.23194e+11,1.49134e+22,3.92395e+26,3.99761e+26,-2.63448e+52,-4.8819e+37,8.92889e+52,
bird,-4.38751e+11,1.93549e+23,3.97833e+28,3.95684e+28,9.90609e+56,-1.74078e+40,1.55181e+57,
bird,-7.63525e+11,5.77193e+23,2.04861e+29,2.06916e+29,2.23974e+58,-1.57201e+41,4.25817e+58,
bird,-2.84923e+11,7.95389e+22,1.33136e+28,1.35902e+28,1.48661e+56,-3.83281e+39,1.70212e+56,
bird,-5.82146e+11,3.3493e+23,1.05634e+29,1.06888e+29,5.41347e+57,-6.18593e+40,1.13535e+58,
bird,-1.86416e+11,3.32423e+22,4.71545e+27,4.93109e+27,2.2632e+55,-8.99059e+38,2.01324e+55,
bird,-2.57436e+11,6.32929e+22,1.24647e+28,1.30623e+28,1.70013e+56,-3.28621e+39,1.31088e+56,
bird,-1.37668e+11,1.89911e+22,2.28679e+27,2.28214e+27,3.18444e+54,-3.14497e+38,5.17072e+54,
bird,-2.63964e+11,7.33185e+22,1.49778e+28,1.42316e+28,2.12865e+56,-3.85356e+39,1.62499e+56,
Bone,-5.604e+11,3.07764e+23,9.16148e+28,9.3496e+28,9.19164e+56,-5.18683e+40,7.67953e+57,
Bone,-6.11587e+11,3.75693e+23,1.15136e+29,1.14622e+29,1.84943e+57,-7.02562e+40,1.19514e+58,
Bone,-5.53901e+11,3.0375e+23,9.20702e+28,9.30027e+28,1.16568e+57,-5.1257e+40,7.78705e+57,
Bone,-5.51105e+11,3.02558e+23,9.21256e+28,9.24792e+28,1.23749e+57,-5.08684e+40,7.76884e+57,
Bone,-5.42067e+11,2.94136e+23,8.93617e+28,8.92696e+28,1.05603e+57,-4.84148e+40,7.20087e+57,
Bone,-5.86608e+11,3.43485e+23,1.05254e+29,1.05444e+29,1.55157e+57,-6.17979e+40,1.00777e+58,
Bone,-5.65784e+11,3.21318e+23,9.50865e+28,9.47298e+28,7.48716e+56,-5.36975e+40,7.84352e+57,
Bone,-5.7933e+11,3.32127e+23,1.01842e+29,1.02918e+29,1.55473e+57,-5.93123e+40,9.60458e+57,
Bone,-5.41432e+11,2.94531e+23,8.98913e+28,8.94643e+28,1.03319e+57,-4.85529e+40,7.22894e+57,
Bone,-5.78077e+11,3.34916e+23,9.7226e+28,9.70074e+28,6.14732e+56,-5.61401e+40,8.09919e+57,
Bone,-7.4339e+11,5.52456e+23,1.70381e+29,1.70437e+29,4.63446e+57,-1.26681e+41,2.66582e+58,
Bone,-5.42039e+11,2.91103e+23,8.56376e+28,8.64366e+28,6.30706e+56,-4.66359e+40,6.49566e+57,
Bone,-3.76264e+11,1.43977e+23,3.95037e+28,3.88405e+28,2.55761e+56,-1.47377e+40,1.40286e+57,
Bone,-5.09006e+11,2.5964e+23,7.48826e+28,7.47171e+28,2.56355e+56,-3.8072e+40,4.72296e+57,
bottle,-5.4739e+10,2.96653e+21,5.94114e+26,5.96456e+26,3.43128e+53,-3.24863e+37,2.96546e+53,
bottle,-6.95775e+10,5.08659e+21,1.11814e+27,1.06396e+27,1.01857e+54,-7.5882e+37,1.04152e+54,
bottle,-6.32928e+10,3.6607e+21,6.19391e+26,6.79656e+26,2.82069e+53,-4.11217e+37,4.35425e+53,
bottle,-6.70825e+10,4.83994e+21,9.01895e+26,8.38259e+26,5.26068e+53,-5.83174e+37,7.04522e+53,
bottle,-5.03929e+10,2.84272e+21,5.71005e+26,5.0818e+26,2.36795e+53,-2.70946e+37,2.47926e+53,
bottle,-6.30364e+10,3.65025e+21,6.06898e+26,6.63057e+26,2.68462e+53,-4.00601e+37,4.15525e+53,
bottle,-5.06951e+10,2.84031e+21,5.9029e+26,5.32341e+26,2.55642e+53,-2.83709e+37,2.71268e+53,
bottle,-8.15047e+10,6.13701e+21,1.09751e+27,1.19113e+27,9.67622e+53,-9.33124e+37,1.32092e+54,
bottle,-5.06961e+10,2.83437e+21,5.83308e+26,5.27532e+26,2.51583e+53,-2.80851e+37,2.65614e+53,
bottle,-6.66088e+10,4.83944e+21,8.75828e+26,8.0163e+26,4.8622e+53,-5.57663e+37,6.48683e+53,
bottle,-6.66538e+10,4.8317e+21,8.7904e+26,8.0703e+26,4.89872e+53,-5.6097e+37,6.56951e+53,
bottle,-5.86974e+10,2.83946e+21,5.45424e+26,6.70888e+26,3.52232e+53,-3.57494e+37,3.66264e+53,
bottle,-6.77186e+10,3.717e+21,6.1311e+26,7.67373e+26,3.96944e+53,-4.67846e+37,5.02587e+53,
bottle,-6.33373e+10,3.64857e+21,6.03497e+26,6.66636e+26,2.73743e+53,-4.02671e+37,4.17047e+53,
brick,-9.72791e+10,9.51379e+21,1.21115e+27,1.20465e+27,2.23079e+53,-1.175e+38,1.33047e+54,
brick,-3.9812e+11,1.6006e+23,6.27295e+28,6.21119e+28,4.55073e+57,-2.48494e+40,2.1083e+57,
brick,-4.42336e+11,1.93227e+23,7.70324e+28,7.80139e+28,7.1556e+57,-3.42931e+40,3.11327e+57,
brick,-9.06439e+10,8.0059e+21,1.00163e+27,1.02784e+27,1.10582e+53,-9.1967e+37,9.25941e+53,
brick,-4.10763e+11,1.66137e+23,6.60855e+28,6.71144e+28,5.29028e+57,-2.73557e+40,2.29508e+57,
brick,-3.78732e+11,1.41256e+23,5.52777e+28,5.61276e+28,3.70242e+57,-2.1095e+40,1.59822e+57,
brick,-3.94667e+11,1.56173e+23,6.23339e+28,6.21643e+28,4.57164e+57,-2.45665e+40,2.01482e+57,
brick,-8.6836e+10,7.8411e+21,1.00156e+27,9.62747e+26,1.52839e+53,-8.52512e+37,8.68829e+53,
brick,-4.45204e+11,1.97345e+23,7.70216e+28,7.73619e+28,7.02429e+57,-3.43669e+40,3.20407e+57,
brick,-7.98523e+10,6.46684e+21,8.02249e+26,7.90158e+26,7.02059e+52,-6.35418e+37,5.60202e+53,
brick,-8.67091e+10,7.83688e+21,9.93767e+26,9.52341e+26,1.50457e+53,-8.43071e+37,8.51698e+53,
brick,-4.39304e+11,1.95176e+23,8.08838e+28,7.99763e+28,7.62435e+57,-3.53325e+40,3.26409e+57,
brick,-9.43465e+10,9.33763e+21,1.23912e+27,1.17993e+27,2.85427e+53,-1.14018e+38,1.3379e+54,
brick,-4.39093e+11,1.9518e+23,8.044e+28,7.94612e+28,7.52988e+57,-3.51053e+40,3.22442e+57,
butterfly,-2.80557e+11,7.72458e+22,3.56407e+27,3.63163e+27,1.54284e+55,-1.00934e+39,6.82687e+54,
butterfly,-1.18768e+12,1.41427e+24,2.79168e+29,2.78441e+29,2.69333e+58,-3.31131e+41,7.64051e+58,
butterfly,-5.33353e+11,2.86965e+23,2.38476e+28,2.36408e+28,5.23992e+56,-1.26642e+40,4.83095e+56,
butterfly,-2.7807e+11,7.9814e+22,3.49846e+27,3.38906e+27,2.02371e+54,-9.57455e+38,1.07925e+55,
butterfly,-8.46644e+11,7.11605e+23,1.74877e+29,1.76157e+29,2.11147e+58,-1.48601e+41,3.02172e+58,
butterfly,-1.72323e+12,2.97933e+24,1.49816e+30,1.49322e+30,7.52664e+59,-2.5774e+42,2.19331e+60,
butterfly,-1.77538e+11,3.07867e+22,3.52612e+27,3.61016e+27,1.41926e+55,-6.33445e+38,8.84461e+54,
butterfly,-3.47346e+11,1.25599e+23,2.90766e+28,2.7931e+28,5.31136e+56,-9.89874e+39,7.80971e+56,
butterfly,-2.76401e+11,7.71088e+22,4.6377e+27,4.59451e+27,-1.85237e+54,-1.27583e+39,1.49985e+55,
butterfly,-7.81022e+11,6.08367e+23,1.61873e+29,1.62304e+29,2.48639e+58,-1.26594e+41,2.24139e+58,
butterfly,-5.38899e+11,2.92118e+23,3e+28,2.98249e+28,1.06867e+57,-1.61198e+40,2.29106e+56,
butterfly,-3.12417e+11,9.56564e+22,5.62206e+27,5.7365e+27,3.04605e+53,-1.7742e+39,2.65345e+55,
butterfly,-6.41654e+11,4.08871e+23,7.78949e+28,7.84402e+28,5.26148e+57,-5.0157e+40,5.56999e+57,
butterfly,-1.31082e+12,1.71042e+24,6.66443e+29,6.69499e+29,2.78735e+59,-8.7559e+41,4.42642e+59,
camel,-7.34959e+11,5.35166e+23,1.39137e+29,1.40437e+29,1.12318e+58,-1.02737e+41,1.95626e+58,
camel,-4.739e+11,2.2353e+23,4.69861e+28,4.72104e+28,1.19854e+57,-2.23206e+40,2.22124e+57,
camel,-6.09568e+11,3.72137e+23,8.56303e+28,8.54985e+28,3.03328e+57,-5.21566e+40,7.27987e+57,
camel,-7.37345e+11,5.47804e+23,1.36801e+29,1.35767e+29,9.22561e+57,-1.00486e+41,1.85027e+58,
camel,-4.23992e+11,1.83727e+23,4.28408e+28,4.19147e+28,9.07576e+56,-1.7966e+40,1.77604e+57,
camel,-5.41452e+11,2.98465e+23,7.73532e+28,7.59802e+28,3.98149e+57,-4.15094e+40,5.69193e+57,
camel,-6.44579e+11,4.17782e+23,1.05132e+29,1.04554e+29,8.28926e+57,-6.75797e+40,1.04659e+58,
camel,-6.05593e+11,3.6115e+23,9.44e+28,9.58714e+28,6.61904e+57,-5.76146e+40,8.80249e+57,
camel,-8.34042e+11,7.02623e+23,1.93602e+29,1.9167e+29,2.40623e+58,-1.60663e+41,3.63489e+58,
camel,-6.52962e+11,4.27178e+23,9.4448e+28,9.42677e+28,4.52917e+57,-6.16123e+40,8.89432e+57,
camel,-9.23041e+11,8.5871e+23,2.45605e+29,2.43687e+29,4.00786e+58,-2.25817e+41,5.84201e+58,
camel,-5.62378e+11,3.13252e+23,8.20461e+28,8.28374e+28,2.7848e+57,-4.63632e+40,6.79041e+57,
camel,-8.22869e+11,6.80211e+23,1.78609e+29,1.7779e+29,1.43465e+58,-1.46632e+41,3.16346e+58,
camel,-4.56159e+11,2.08061e+23,5.02938e+28,5.03005e+28,1.99255e+57,-2.29439e+40,2.38446e+57,
car,-1.31788e+11,1.79968e+22,3.88835e+27,3.75001e+27,1.28329e+55,-5.03072e+38,1.2688e+55,
car,-1.05568e+11,1.15453e+22,2.45737e+27,2.3683e+27,5.14594e+54,-2.54472e+38,5.04637e+54,
car,-1.17659e+11,1.37362e+22,3.07239e+27,3.09609e+27,8.80748e+54,-3.62866e+38,8.29333e+54,
car,-1.25104e+11,1.57877e+22,3.52087e+27,3.48961e+27,1.10703e+55,-4.38466e+38,1.07674e+55,
car,-1.32029e+11,1.80079e+22,3.90432e+27,3.77564e+27,1.29717e+55,-5.06667e+38,1.28561e+55,
car,-1.3257e+11,1.79534e+22,4.00268e+27,3.91764e+27,1.3832e+55,-5.24925e+38,1.37883e+55,
car,-1.43545e+11,2.06692e+22,4.5203e+27,4.50065e+27,1.86481e+55,-6.47048e+38,1.76842e+55,
car,-1.46581e+11,2.28635e+22,4.96751e+27,4.66576e+27,1.95469e+55,-7.05495e+38,2.0257e+55,
car,-1.43363e+11,2.00617e+22,4.2571e+27,4.36238e+27,1.59045e+55,-6.17885e+38,1.72001e+55,
car,-1.42429e+11,2.01482e+22,4.15077e+27,4.17911e+27,1.48069e+55,-5.932e+38,1.58817e+55,
car,-1.64216e+11,2.8088e+22,5.81321e+27,5.57946e+27,2.61228e+55,-9.35088e+38,2.94589e+55,
car,-1.71323e+11,3.10362e+22,6.4372e+27,6.08473e+27,3.10312e+55,-1.07195e+39,3.54305e+55,
car,-1.75727e+11,3.13274e+22,6.49832e+27,6.40144e+27,3.49791e+55,-1.13303e+39,3.77517e+55,
car,-1.82752e+11,3.44792e+22,7.15873e+27,6.93019e+27,4.08951e+55,-1.28684e+39,4.48722e+55,
carriage,-2.42887e+11,5.88492e+22,2.23594e+28,2.24154e+28,5.89565e+56,-5.43771e+39,2.71323e+56,
carriage,-2.2285e+11,4.86088e+22,1.80027e+28,1.84008e+28,3.92652e+56,-4.05689e+39,1.83383e+56,
carriage,-2.31068e+11,5.41352e+22,2.06705e+28,2.03851e+28,4.922e+56,-4.743e+39,2.24547e+56,
carriage,-2.19044e+11,4.97289e+22,1.92105e+28,1.85309e+28,4.11906e+56,-4.13238e+39,1.8561e+56,
carriage,-2.26858e+11,5.29814e+22,2.02792e+28,1.96964e+28,4.60504e+56,-4.53365e+39,2.18317e+56,
carriage,-2.14672e+11,4.86168e+22,1.85506e+28,1.75835e+28,3.72086e+56,-3.87702e+39,1.74506e+56,
carriage,-2.18699e+11,4.75209e+22,1.75783e+28,1.76952e+28,3.63696e+56,-3.85744e+39,1.76705e+56,
carriage,-2.18776e+11,4.96987e+22,1.89307e+28,1.82229e+28,3.98723e+56,-4.06248e+39,1.79715e+56,
carriage,-1.94742e+11,3.92812e+22,1.46404e+28,1.41312e+28,2.37424e+56,-2.80073e+39,1.13662e+56,
carriage,-2.14758e+11,4.86035e+22,1.85402e+28,1.75925e+28,3.72179e+56,-3.87847e+39,1.74868e+56,
carriage,-1.87029e+11,3.63416e+22,1.38281e+28,1.3306e+28,2.12451e+56,-2.53659e+39,9.63647e+55,
carriage,-2.10539e+11,4.4422e+22,1.63816e+28,1.63434e+28,3.14025e+56,-3.44463e+39,1.45015e+56,
carriage,-2.18641e+11,4.75199e+22,1.76081e+28,1.77155e+28,3.64462e+56,-3.86181e+39,1.77579e+56,
carriage,-1.94705e+11,3.93202e+22,1.46132e+28,1.40855e+28,2.36036e+56,-2.79306e+39,1.13038e+56,
cattle,-1.77428e+12,3.1376e+24,1.39908e+30,1.40375e+30,9.72293e+59,-2.4865e+42,1.96719e+60,
cattle,-6.37183e+11,4.08994e+23,2.67142e+28,2.65177e+28,2.92733e+56,-1.69587e+40,7.02347e+56,
cattle,-2.57412e+11,6.36531e+22,1.63954e+27,1.70758e+27,1.99144e+54,-4.30815e+38,2.78139e+54,
cattle,-2.62846e+11,6.90187e+22,2.64574e+27,2.64863e+27,8.37446e+54,-6.95831e+38,1.6869e+54,
cattle,-5.42841e+11,3.01184e+23,2.41231e+28,2.3602e+28,5.64216e+56,-1.29529e+40,1.04924e+53,
cattle,-7.23723e+11,5.27537e+23,1.06841e+29,1.06074e+29,1.01736e+58,-7.70434e+40,9.96988e+57,
cattle,-1.70914e+12,2.92967e+24,1.39824e+30,1.39416e+30,1.09592e+60,-2.38628e+42,1.94135e+60,
cattle,-7.63185e+11,5.78907e+23,1.11171e+29,1.11851e+29,1.04617e+58,-8.51027e+40,1.14583e+58,
cattle,-1.87837e+12,3.53891e+24,1.68021e+30,1.67515e+30,1.44187e+60,-3.15129e+42,2.81004e+60,
cattle,-1.64252e+11,2.78287e+22,6.26812e+26,6.06539e+26,4.48211e+53,-1.01182e+38,9.81948e+52,
cattle,-4.50268e+11,2.03418e+23,1.19055e+28,1.18675e+28,1.6582e+56,-5.35247e+39,7.60069e+55,
cattle,-1.21502e+11,1.61936e+22,2.67676e+26,2.43941e+26,-1.2008e+52,-3.10424e+37,2.97188e+52,
cattle,-8.54204e+11,7.30374e+23,1.48135e+29,1.47983e+29,2.21769e+58,-1.26469e+41,1.74037e+58,
cattle,-1.02398e+12,1.04806e+24,2.5463e+29,2.54734e+29,-2.88874e+56,-2.60784e+41,2.98757e+55,
cellular_phone,-1.18644e+12,1.40197e+24,4.60863e+29,4.6273e+29,2.57673e+59,-5.47893e+41,6.77776e+58,
cellular_phone,-2.67009e+11,7.52161e+22,1.13782e+28,1.07856e+28,1.44153e+56,-2.95801e+39,3.93414e+55,
cellular_phone,-3.64942e+11,1.37074e+23,2.71337e+28,2.63647e+28,8.50946e+56,-9.76114e+39,2.63085e+56,
cellular_phone,-7.54317e+11,5.67004e+23,1.51038e+29,1.5157e+29,2.76758e+58,-1.14132e+41,8.52256e+57,
cellular_phone,-4.38412e+11,1.92035e+23,3.92933e+28,3.93287e+28,1.86628e+57,-1.72345e+40,5.43695e+56,
cellular_phone,-6.19499e+11,3.82176e+23,8.81837e+28,8.85545e+28,9.44155e+57,-5.47448e+40,2.96388e+57,
cellular_phone,-3.29049e+11,1.11222e+23,1.71392e+28,1.66849e+28,3.39485e+56,-5.56442e+39,1.17977e+56,
cellular_phone,-4.53035e+11,2.04123e+23,4.43823e+28,4.46225e+28,2.38357e+57,-2.01604e+40,5.36117e+56,
cellular_phone,-4.562e+11,2.08559e+23,4.11667e+28,4.1078e+28,2.03869e+57,-1.87596e+40,5.70061e+56,
cellular_phone,-8.16578e+11,6.74293e+23,1.78302e+29,1.76314e+29,3.77179e+58,-1.44781e+41,1.02981e+58,
cellular_phone,-7.36358e+11,5.49092e+23,1.41631e+29,1.39866e+29,2.37577e+58,-1.03642e+41,6.63817e+57,
cellular_phone,-4.60629e+11,2.15462e+23,4.12552e+28,4.06212e+28,2.00642e+57,-1.88555e+40,6.2624e+56,
cellular_phone,-4.58213e+11,2.06693e+23,4.00116e+28,4.06469e+28,1.96939e+57,-1.84795e+40,7.08187e+56,
cellular_phone,-4.2333e+11,1.81552e+23,3.47184e+28,3.42617e+28,1.42234e+57,-1.45985e+40,4.89128e+56,
chicken,-1.39592e+12,1.93819e+24,6.0973e+29,6.13004e+29,2.00469e+59,-8.53419e+41,3.74466e+59,
chicken,-2.5844e+11,6.68439e+22,7.43108e+27,7.42509e+27,2.21417e+55,-1.9197e+39,5.48001e+55,
chicken,-5.81611e+11,3.37972e+23,8.44814e+28,8.45528e+28,1.87596e+57,-4.91551e+40,6.86966e+57,
chicken,-3.09206e+11,9.65673e+22,1.34644e+28,1.33291e+28,2.47868e+55,-4.14205e+39,1.61899e+56,
chicken,-6.11523e+11,3.70395e+23,1.0114e+29,1.02119e+29,2.21027e+57,-6.21495e+40,9.78346e+57,
chicken,-6.0845e+09,7.50667e+19,1.91047e+24,8.60795e+23,7.52939e+47,-7.43365e+33,1.12739e+48,
chicken,-5.62524e+09,7.58483e+19,1.85787e+24,5.74361e+23,4.38943e+47,-4.87641e+33,6.23285e+47,
chicken,-2.67754e+09,1.36231e+19,8.32797e+23,7.71725e+22,-1.90966e+46,1.17948e+32,1.65763e+46,
chicken,1.703e+09,3.47751e+16,1.31645e+23,3.70391e+23,3.44535e+46,-2.0797e+31,8.37488e+46,
chicken,-1.3758e+10,2.47636e+20,7.9483e+24,5.88167e+24,2.13379e+49,-9.2556e+34,4.02544e+49,
chicken,-1.45593e+11,2.04832e+22,2.07111e+27,2.14427e+27,4.9196e+53,-3.06887e+38,4.01749e+54,
chicken,-2.75917e+11,7.56587e+22,9.91559e+27,9.97777e+27,4.30708e+55,-2.7445e+39,9.89503e+55,
chicken,-7.27954e+11,5.25799e+23,1.07936e+29,1.08784e+29,1.86357e+56,-7.88814e+40,9.66813e+57,
chicken,-1.66335e+11,2.81451e+22,2.87477e+27,2.82636e+27,-1.79705e+53,-4.74164e+38,6.31614e+54,
children,-7.97364e+10,6.01302e+21,1.13425e+27,1.20238e+27,1.52894e+54,-9.32369e+37,9.90433e+53,
children,-8.39462e+10,6.33231e+21,1.22412e+27,1.36291e+27,1.98149e+54,-1.08455e+38,1.14158e+54,
children,-8.39646e+10,6.33314e+21,1.22124e+27,1.36051e+27,1.9747e+54,-1.08271e+38,1.13593e+54,
children,-8.39561e+10,6.34022e+21,1.22077e+27,1.35859e+27,1.9705e+54,-1.08178e+38,1.13267e+54,
children,-8.39949e+10,6.34005e+21,1.22324e+27,1.36129e+27,1.97889e+54,-1.08392e+38,1.13631e+54,
children,-8.39374e+10,6.34019e+21,1.22028e+27,1.35708e+27,1.96667e+54,-1.08058e+38,1.13082e+54,
children,-8.39048e+10,6.33801e+21,1.21649e+27,1.3527e+27,1.95413e+54,-1.0769e+38,1.12357e+54,
children,-8.37428e+10,6.33636e+21,1.20632e+27,1.33696e+27,1.91181e+54,-1.06424e+38,1.09984e+54,
children,-8.37955e+10,6.33685e+21,1.21221e+27,1.34477e+27,1.93263e+54,-1.0705e+38,1.11339e+54,
children,-8.38929e+10,6.33209e+21,1.21864e+27,1.3558e+27,1.96188e+54,-1.07887e+38,1.12964e+54,
children,-7.97953e+10,6.00109e+21,1.13839e+27,1.21141e+27,1.54859e+54,-9.38441e+37,1.00399e+54,
children,-7.99035e+10,6.00289e+21,1.14327e+27,1.21919e+27,1.56769e+54,-9.44605e+37,1.01471e+54,
children,-7.59636e+10,6.32054e+21,1.28356e+27,1.16761e+27,1.60328e+54,-9.28264e+37,9.36669e+53,
children,-8.0126e+10,6.00538e+21,1.17004e+27,1.25324e+27,1.65106e+54,-9.71192e+37,1.07232e+54,
chopper,-2.18039e+11,4.67247e+22,1.05579e+28,1.07432e+28,1.05524e+56,-2.32224e+39,9.93722e+55,
chopper,-1.74623e+11,3.11609e+22,6.61282e+27,6.47026e+27,3.50308e+55,-1.14216e+39,3.91169e+55,
chopper,-1.71488e+11,2.87132e+22,6.00604e+27,6.14928e+27,3.27043e+55,-1.04199e+39,3.35803e+55,
chopper,-1.64052e+11,2.58868e+22,5.42284e+27,5.64008e+27,2.76571e+55,-9.07453e+38,2.78109e+55,
chopper,-1.64033e+11,2.86368e+22,6.29107e+27,5.91078e+27,3.12969e+55,-1.00025e+39,3.25404e+55,
chopper,-1.64092e+11,2.85444e+22,6.28044e+27,5.92407e+27,3.13871e+55,-1.00088e+39,3.26155e+55,
chopper,-1.6809e+11,2.82522e+22,6.10077e+27,6.0994e+27,3.12127e+55,-1.02521e+39,3.41807e+55,
chopper,-1.76129e+11,2.90764e+22,6.22619e+27,6.65165e+27,3.86927e+55,-1.13423e+39,3.76969e+55,
chopper,-1.75976e+11,3.19506e+22,7.06437e+27,6.84477e+27,4.22494e+55,-1.22348e+39,4.24206e+55,
chopper,-1.57113e+11,2.58385e+22,5.61348e+27,5.3586e+27,2.60006e+55,-8.6136e+38,2.62503e+55,
chopper,-1.88954e+11,3.54562e+22,8.12616e+27,8.18137e+27,6.05333e+55,-1.54054e+39,5.86155e+55,
chopper,-2.07883e+11,4.26772e+22,9.84125e+27,9.96562e+27,8.98073e+55,-2.05874e+39,8.65487e+55,
chopper,-1.99969e+11,3.92739e+22,8.91406e+27,9.07604e+27,7.52398e+55,-1.79866e+39,7.09373e+55,
chopper,-1.99719e+11,3.92715e+22,8.83372e+27,8.9746e+27,7.3791e+55,-1.7785e+39,6.93379e+55,
classic,-6.85673e+11,4.72457e+23,5.48616e+28,5.45911e+28,1.15932e+57,-3.75235e+40,2.96243e+57,
classic,-3.6038e+11,1.31912e+23,2.10838e+28,2.07539e+28,5.22408e+56,-7.53774e+39,1.26397e+56,
classic,-3.6006e+11,1.31586e+23,2.10039e+28,2.06924e+28,5.19097e+56,-7.50611e+39,1.25645e+56,
classic,-4.35541e+11,1.92475e+23,7.55069e+27,7.44201e+27,2.81697e+55,-3.26496e+39,5.57891e+55,
classic,-4.34137e+11,1.85864e+23,7.16436e+27,7.26547e+27,2.61013e+55,-3.13229e+39,5.24173e+55,
classic,-2.38929e+11,5.86755e+22,8.68751e+27,8.45216e+27,7.91882e+55,-2.04737e+39,5.06307e+55,
classic,-2.38628e+11,5.86199e+22,8.67552e+27,8.42781e+27,7.87242e+55,-2.0405e+39,5.04733e+55,
classic,-5.33632e+11,2.88563e+23,1.54358e+28,1.52325e+28,2.29108e+56,-8.1826e+39,1.92251e+56,
classic,-5.25888e+11,2.78902e+23,1.46659e+28,1.45434e+28,2.07028e+56,-7.68053e+39,1.75942e+56,
classic,-2.07124e+11,4.38594e+22,5.22191e+27,5.10539e+27,3.08162e+55,-1.0692e+39,1.46758e+55,
classic,-8.93055e+11,7.95557e+23,3.11806e+29,3.12599e+29,1.16051e+59,-2.78819e+41,4.81457e+58,
classic,-8.93064e+11,7.95314e+23,3.11676e+29,3.12558e+29,1.16001e+59,-2.7874e+41,4.81366e+58,
classic,-9.3022e+11,8.70123e+23,3.51725e+29,3.49777e+29,1.45166e+59,-3.26274e+41,6.31276e+58,
classic,-9.30078e+11,8.57213e+23,3.43918e+29,3.47066e+29,1.42091e+59,-3.21334e+41,6.09773e+58,
Comma,-1.23185e+12,1.5186e+24,4.15587e+29,4.15276e+29,-1.20974e+58,-5.11751e+41,1.25957e+59,
Comma,-1.13721e+12,1.29383e+24,3.67675e+29,3.67507e+29,-2.88675e+57,-4.18027e+41,1.0607e+59,
Comma,-1.08508e+12,1.18131e+24,3.17982e+29,3.16934e+29,-9.60828e+57,-3.4447e+41,7.00237e+58,
Comma,-8.59033e+11,7.38784e+23,1.56691e+29,1.56513e+29,-6.35275e+56,-1.34527e+41,1.91304e+58,
Comma,-1.17178e+12,1.37719e+24,3.92901e+29,3.91717e+29,-2.87464e+57,-4.59694e+41,1.21074e+59,
Comma,-1.02245e+12,1.04509e+24,2.82459e+29,2.82546e+29,-6.86394e+57,-2.88846e+41,5.66169e+58,
Comma,-1.06471e+12,1.13499e+24,2.9673e+29,2.96371e+29,-1.12073e+58,-3.15741e+41,5.66982e+58,
Comma,-1.10723e+12,1.23021e+24,3.27559e+29,3.26428e+29,-1.1761e+58,-3.62058e+41,7.19352e+58,
Comma,-7.14543e+11,5.10038e+23,1.02452e+29,1.02561e+29,1.2353e+57,-7.32459e+40,9.40275e+57,
Comma,-1.08076e+12,1.17435e+24,2.90847e+29,2.89274e+29,-3.75943e+57,-3.13479e+41,6.37848e+58,
Comma,-8.6186e+11,7.36806e+23,1.9613e+29,1.97729e+29,-3.98569e+57,-1.69725e+41,2.67099e+58,
Comma,-1.15614e+12,1.33061e+24,3.36769e+29,3.38313e+29,-6.75518e+57,-3.90251e+41,8.49117e+58,
Comma,-1.11308e+12,1.2329e+24,3.19013e+29,3.20569e+29,-1.98838e+57,-3.55947e+41,8.06976e+58,
Comma,-1.11151e+12,1.23611e+24,3.14598e+29,3.14435e+29,-2.97628e+57,-3.49589e+41,7.67581e+58,
crown,-8.72934e+10,7.4466e+21,6.3861e+25,6.54439e+25,-3.85945e+50,-5.64739e+36,2.11936e+50,
crown,2.73111e+08,1.202e+16,6.45357e+21,1.0082e+22,9.81736e+43,7.06772e+29,1.7571e+43,
crown,-1.49384e+11,2.30986e+22,2.50636e+27,2.41961e+27,6.82377e+54,-3.67739e+38,3.64452e+54,
crown,1.67574e+08,4.26806e+15,1.63389e+21,1.77279e+21,3.82627e+42,7.20507e+28,3.19684e+41,
crown,-1.86897e+10,2.47036e+20,9.72925e+24,1.2083e+25,1.54966e+50,-1.89911e+35,7.56287e+48,
crown,-3.13576e+10,1.04333e+21,5.37838e+25,5.04264e+25,3.11294e+51,-1.62879e+36,1.32848e+51,
crown,3.89045e+08,1.41744e+16,2.76058e+22,4.15587e+22,1.67946e+45,3.39769e+30,4.80813e+44,
crown,2.44141e+08,9.36998e+15,4.02584e+21,7.58865e+21,5.01917e+43,5.3966e+29,1.19355e+43,
crown,2.32327e+08,8.56259e+15,2.88326e+21,4.05586e+21,1.64454e+43,2.79688e+29,4.24061e+42,
crown,-1.65537e+10,1.92251e+20,4.77799e+24,6.93707e+24,4.83678e+49,-9.61781e+34,6.33162e+48,
crown,-1.38033e+10,1.31011e+20,3.26519e+24,4.97158e+24,2.43655e+49,-5.69038e+34,7.83141e+48,
crown,-3.24226e+10,1.07679e+21,5.95168e+25,5.79162e+25,4.04948e+51,-1.90049e+36,1.65048e+51,
crown,-1.54056e+11,2.40374e+22,3.18028e+27,3.13674e+27,1.18406e+55,-4.8632e+38,4.62888e+54,
crown,1.58156e+08,1.89975e+15,1.48959e+21,2.97387e+21,7.17454e+42,9.58702e+28,2.3549e+42,
cup,-1.42556e+12,2.02488e+24,6.74621e+29,6.77068e+29,3.17136e+59,-9.63455e+41,4.46012e+59,
cup,-1.21803e+12,1.48656e+24,4.29009e+29,4.28146e+29,7.39311e+58,-5.22016e+41,1.82336e+59,
cup,-5.09627e+11,2.65353e+23,5.54058e+28,5.42276e+28,2.2252e+57,-2.7934e+40,2.84606e+57,
cup,-1.03744e+12,1.07883e+24,3.76513e+29,3.75631e+29,1.35782e+59,-3.90156e+41,1.18589e+59,
cup,-4.8703e+11,2.36926e+23,5.59897e+28,5.60553e+28,2.64855e+57,-2.7285e+40,2.87753e+57,
cup,-5.63128e+11,3.17351e+23,8.63499e+28,8.62814e+28,4.91126e+57,-4.86057e+40,7.31954e+57,
cup,-8.1482e+11,6.64103e+23,1.63014e+29,1.62978e+29,1.78258e+58,-1.32815e+41,2.60393e+58,
cup,-6.42886e+11,4.11489e+23,9.18528e+28,9.22578e+28,2.75194e+57,-5.9181e+40,8.31481e+57,
cup,-6.04492e+11,3.6903e+23,7.75832e+28,7.68209e+28,1.75851e+57,-4.66671e+40,5.76359e+57,
cup,-6.28597e+11,3.9515e+23,9.13903e+28,9.13827e+28,7.11427e+57,-5.7444e+40,7.61475e+57,
cup,-8.43724e+11,7.10605e+23,1.93449e+29,1.93792e+29,2.16466e+58,-1.63361e+41,3.73736e+58,
cup,-5.77447e+11,3.34047e+23,8.10472e+28,8.0905e+28,4.23826e+57,-4.67605e+40,6.45611e+57,
cup,-6.9425e+11,4.86609e+23,1.21081e+29,1.1993e+29,6.6834e+57,-8.36598e+40,1.44381e+58,
cup,-1.23544e+12,1.52912e+24,4.37758e+29,4.36953e+29,1.27333e+59,-5.40326e+41,1.87532e+59,
deer,-1.16639e+11,1.54853e+22,1.9063e+26,1.67501e+26,2.66246e+52,-2.08438e+37,2.66349e+52,
deer,-9.7769e+10,1.05275e+22,1.08214e+26,9.81347e+25,9.34663e+51,-1.0069e+37,8.76801e+51,
deer,-6.43047e+10,3.39978e+21,1.956e+25,2.4183e+25,5.10564e+50,-1.41005e+36,4.37256e+50,
deer,-3.87487e+11,1.4844e+23,5.65614e+27,5.72254e+27,3.03297e+55,-2.20478e+39,2.80651e+55,
deer,-5.41139e+10,3.1186e+21,1.77604e+25,1.66527e+25,2.94981e+50,-9.2996e+35,2.22367e+50,
deer,-5.43577e+11,2.92354e+23,2.5825e+28,2.61035e+28,2.69089e+56,-1.41141e+40,6.72969e+56,
deer,-6.42286e+10,4.41498e+21,4.79546e+25,4.48528e+25,1.2924e+51,-2.98026e+36,2.06124e+51,
deer,-3.75852e+11,1.42253e+23,6.82722e+27,6.7798e+27,2.63099e+55,-2.5571e+39,4.59697e+55,
deer,-3.7993e+11,1.44436e+23,6.98436e+27,6.98077e+27,5.86396e+55,-2.65302e+39,2.04639e+55,
deer,-7.74645e+10,5.58046e+21,8.34903e+25,8.95977e+25,-1.32486e+51,-6.69317e+36,1.2846e+51,
deer,-1.03616e+12,1.07776e+24,1.77399e+29,1.76717e+29,8.9958e+57,-1.83459e+41,3.03261e+58,
deer,-4.48207e+11,2.0466e+23,1.46553e+28,1.43833e+28,1.76632e+56,-6.50692e+39,1.91083e+56,
deer,-2.87931e+11,8.43129e+22,2.60648e+27,2.56272e+27,3.40953e+54,-7.44128e+38,6.62178e+54,
deer,-4.40353e+11,1.9505e+23,9.17136e+27,9.11681e+27,1.70545e+55,-4.02639e+39,7.82953e+55,
device0,-6.91221e+10,4.43927e+21,5.86501e+25,6.32117e+25,1.9399e+51,-4.21166e+36,3.85256e+51,
device0,-1.8764e+12,3.53651e+24,1.82625e+30,1.81818e+30,1.65571e+60,-3.41921e+42,3.31311e+60,
device0,-6.19047e+10,4.61618e+21,6.24464e+25,5.16645e+25,1.43334e+51,-3.51022e+36,2.93363e+51,
device0,-9.89099e+10,1.02899e+22,1.98763e+26,1.88814e+26,1.82027e+52,-1.91531e+37,3.65852e+52,
device0,-7.95765e+11,6.40455e+23,6.68181e+28,6.60655e+28,2.17938e+57,-5.28712e+40,4.38952e+57,
device0,-7.99068e+11,6.33262e+23,6.56486e+28,6.61909e+28,2.15442e+57,-5.26732e+40,4.36321e+57,
device0,-1.85505e+12,3.44261e+24,1.778e+30,1.77727e+30,1.57969e+60,-3.29759e+42,3.15934e+60,
device0,-2.0089e+10,3.3275e+20,1.27625e+24,1.56904e+24,1.0884e+48,-2.86216e+34,2.21771e+48,
device0,-1.92165e+12,3.66935e+24,1.89325e+30,1.90535e+30,1.80932e+60,-3.64979e+42,3.61881e+60,
device0,-1.67521e+12,2.80575e+24,1.44915e+30,1.44945e+30,1.05046e+60,-2.42789e+42,2.10071e+60,
device0,-7.9782e+11,6.28036e+23,6.50745e+28,6.59523e+28,2.16032e+57,-5.22664e+40,4.32063e+57,
device0,-7.9248e+11,6.18744e+23,6.37313e+28,6.46909e+28,2.07737e+57,-5.08861e+40,4.15362e+57,
device0,-1.01313e+11,8.99953e+21,1.6271e+26,1.86489e+26,1.62424e+52,-1.76915e+37,3.24854e+52,
device0,-6.62284e+10,3.8468e+21,4.71538e+25,5.4099e+25,1.41537e+51,-3.35536e+36,2.73368e+51,
device1,-1.14983e+10,1.46203e+20,3.96811e+23,3.3704e+23,8.54003e+46,-4.07393e+33,1.19861e+47,
device1,-4.73745e+11,2.27352e+23,1.62043e+28,1.59958e+28,1.27829e+56,-7.62705e+39,2.57528e+56,
device1,-7.62247e+11,5.7586e+23,5.79392e+28,5.84645e+28,1.68055e+57,-4.4366e+40,3.40261e+57,
device1,-9.14628e+11,8.42344e+23,9.71344e+28,9.64638e+28,4.54227e+57,-8.85338e+40,9.33621e+57,
device1,-1.59229e+11,2.59064e+22,7.54254e+26,7.38029e+26,2.64306e+53,-1.18789e+38,5.50573e+53,
device1,-4.43254e+10,2.31758e+21,2.28924e+25,1.93256e+25,1.55376e+50,-9.3033e+35,4.00086e+50,
device1,-3.82118e+11,1.49259e+23,9.01044e+27,8.81493e+27,3.89667e+55,-3.40556e+39,7.85644e+55,
device1,-5.52285e+11,3.01704e+23,2.38805e+28,2.41437e+28,2.81242e+56,-1.32615e+40,5.79664e+56,
device1,-1.19786e+11,1.41453e+22,3.14249e+26,3.18752e+26,5.36736e+52,-3.79104e+37,1.00787e+53,
device1,-3.78256e+11,1.45197e+23,8.64878e+27,8.52147e+27,3.5713e+55,-3.24708e+39,7.31439e+55,
device1,-1.14575e+11,1.31075e+22,2.81734e+26,2.82174e+26,3.99622e+52,-3.23056e+37,7.9536e+52,
device1,-5.60334e+11,3.08544e+23,2.46454e+28,2.50811e+28,3.03205e+56,-1.39317e+40,6.23501e+56,
device1,-9.44052e+09,2.0873e+20,6.7058e+23,2.87508e+23,4.32216e+46,-4.15169e+33,1.20263e+47,
device1,-1.76802e+12,3.13038e+24,1.62534e+30,1.62302e+30,1.30155e+60,-2.8716e+42,2.63602e+60,
device2,-5.33195e+11,2.87003e+23,2.23515e+28,2.21381e+28,2.4053e+56,-1.186e+40,4.92393e+56,
device2,-1.8966e+12,3.60406e+24,1.86466e+30,1.86107e+30,1.73365e+60,-3.53313e+42,3.46693e+60,
device2,-4.30922e+11,1.88394e+23,1.32401e+28,1.30495e+28,2.0684e+55,-5.66407e+39,1.53728e+56,
device2,-1.48647e+12,2.20919e+24,1.13763e+30,1.13784e+30,6.47323e+59,-1.69121e+42,1.29457e+60,
device2,-7.35201e+10,6.28239e+21,1.04327e+26,8.96282e+25,-5.97141e+50,-7.10407e+36,6.32729e+51,
device2,-7.65656e+10,6.18204e+21,1.01921e+26,9.61796e+25,-1.13101e+51,-7.5622e+36,6.27667e+51,
device2,-7.56629e+11,5.68671e+23,5.68743e+28,5.72619e+28,1.63528e+57,-4.31813e+40,3.2678e+57,
device2,-7.64258e+11,5.86735e+23,5.95037e+28,5.92369e+28,1.75842e+57,-4.53746e+40,3.51688e+57,
device2,-5.29998e+11,2.81134e+23,2.16441e+28,2.16257e+28,2.27097e+56,-1.14664e+40,4.67825e+56,
device2,-7.57753e+10,5.0915e+21,7.093e+25,8.04599e+25,2.96276e+51,-5.74119e+36,6.07913e+51,
device2,-1.98203e+12,3.93735e+24,2.03443e+30,2.02982e+30,2.06242e+60,-4.02772e+42,4.12484e+60,
device2,-7.17212e+10,5.52607e+21,8.67735e+25,8.06273e+25,-6.49019e+50,-5.99363e+36,4.68048e+51,
device2,-4.24115e+11,1.82445e+23,1.26734e+28,1.24938e+28,1.91876e+55,-5.33654e+39,1.41032e+56,
device2,-2.1261e+10,7.02091e+20,3.93392e+24,2.52642e+24,3.92073e+48,-6.69424e+34,7.95033e+48,
device3,-2.13423e+11,4.49469e+22,1.01105e+27,1.02523e+27,-9.86522e+52,-2.17355e+38,7.27864e+53,
device3,-1.8529e+11,3.40245e+22,6.98567e+26,7.04723e+26,2.85334e+53,-1.29991e+38,4.92528e+53,
device3,-2.2644e+11,5.28042e+22,1.28681e+27,1.24968e+27,-1.4915e+53,-2.87165e+38,1.10532e+54,
device3,-1.02783e+12,1.05164e+24,1.41201e+29,1.41849e+29,1.2546e+58,-1.45466e+41,1.98645e+58,
device3,2.8147e+09,2.62612e+19,1.68738e+20,2.59727e+18,-3.97701e+37,-1.01464e+28,-5.82285e+37,
device3,-2.82688e+11,8.38557e+22,2.14369e+27,2.04165e+27,4.34646e+54,-5.91219e+38,1.98326e+52,
device3,-7.10895e+11,5.03464e+23,3.29256e+28,3.30494e+28,5.49713e+56,-2.34503e+40,1.09016e+57,
device3,-8.7049e+11,7.53343e+23,9.26992e+28,9.32446e+28,4.40233e+57,-8.0932e+40,8.66857e+57,
device3,-6.26283e+11,3.8533e+23,3.58241e+28,3.64704e+28,8.88087e+56,-2.2639e+40,1.29132e+57,
device3,-8.12371e+10,6.95475e+21,6.75482e+25,6.35418e+25,-6.86199e+50,-5.29905e+36,6.48502e+50,
device3,-2.17281e+11,4.52958e+22,1.02302e+27,1.06673e+27,-1.18038e+53,-2.27029e+38,7.58824e+53,
device3,-1.02983e+12,1.05244e+24,1.41297e+29,1.42384e+29,1.27161e+58,-1.4607e+41,1.99677e+58,
device3,-1.17618e+12,1.38033e+24,2.0934e+29,2.09803e+29,2.18221e+58,-2.46492e+41,4.3968e+58,
device3,-1.35761e+11,1.83868e+22,2.65071e+26,2.65705e+26,6.05809e+52,-3.60291e+37,6.40437e+52,
device4,-5.00335e+11,2.55179e+23,2.38021e+28,2.33504e+28,6.53754e+56,-1.17955e+40,2.74734e+56,
device4,-2.37433e+11,5.62779e+22,2.92625e+27,2.93146e+27,1.03029e+55,-6.9543e+38,2.30048e+54,
device4,-4.70042e+11,2.21731e+23,1.92666e+28,1.91984e+28,4.4344e+56,-9.04023e+39,1.60568e+56,
device4,-1.16445e+11,1.42405e+22,3.9683e+26,3.77929e+26,1.5063e+53,-4.50995e+37,1.30778e+51,
device4,-9.83447e+10,9.62853e+21,2.30304e+26,2.3048e+26,5.77668e+52,-2.26158e+37,2.45201e+51,
device4,-6.99523e+10,5.36897e+21,1.01879e+26,9.26511e+25,9.12939e+51,-6.78884e+36,5.21487e+49,
device4,-2.32402e+11,5.39436e+22,2.63718e+27,2.63931e+27,8.35295e+54,-6.13001e+38,3.09203e+54,
device4,-1.9594e+11,3.88832e+22,1.69296e+27,1.67084e+27,3.39101e+54,-3.29471e+38,9.44809e+53,
device4,-9.35813e+10,9.75528e+21,2.27019e+26,2.03856e+26,4.55473e+52,-2.01346e+37,5.67688e+50,
device4,-1.14561e+12,1.32598e+24,4.06117e+29,4.01962e+29,-1.16885e+58,-4.62864e+41,5.47751e+57,
device4,-4.98816e+11,2.43555e+23,2.22517e+28,2.27348e+28,6.08724e+56,-1.12199e+40,2.49675e+56,
device4,-1.59042e+12,2.51623e+24,1.85598e+30,1.86574e+30,2.5345e+60,-2.95956e+42,3.34613e+60,
device4,-2.91654e+11,8.22385e+22,4.98006e+27,5.15373e+27,3.06466e+55,-1.47795e+39,1.41989e+55,
device4,-2.85492e+11,8.04017e+22,4.75764e+27,4.82417e+27,2.73776e+55,-1.3679e+39,1.17866e+55,
device5,-2.13797e+12,4.5817e+24,2.98938e+30,2.98235e+30,4.83713e+60,-6.38369e+42,8.89381e+60,
device5,-2.37083e+12,5.61298e+24,3.57276e+30,3.57775e+30,6.36775e+60,-8.47631e+42,1.27913e+61,
device5,-1.55819e+12,2.4175e+24,1.48546e+30,1.4919e+30,1.11433e+60,-2.31965e+42,2.22095e+60,
device5,-2.27845e+12,5.21577e+24,3.49412e+30,3.47777e+30,6.12862e+60,-7.94256e+42,1.21231e+61,
device5,-2.13298e+12,4.53324e+24,2.93478e+30,2.94539e+30,4.78242e+60,-6.27116e+42,8.64388e+60,
device5,-8.16238e+10,7.04254e+21,1.30411e+26,1.23008e+26,1.28662e+52,-1.03228e+37,1.44238e+52,
device5,-1.88755e+12,3.57035e+24,2.26699e+30,2.26222e+30,2.50665e+60,-4.27455e+42,5.12264e+60,
device5,-4.28618e+10,1.68623e+21,1.53051e+25,1.67864e+25,1.44384e+50,-6.89313e+35,2.69573e+50,
device5,-6.90478e+11,4.68839e+23,5.13452e+28,5.22165e+28,1.24722e+57,-3.57536e+40,2.70106e+57,
device5,-5.17321e+11,2.72309e+23,2.39374e+28,2.35228e+28,3.41659e+56,-1.22749e+40,5.53479e+56,
device5,-2.14521e+12,4.6138e+24,3.01378e+30,3.00604e+30,4.858e+60,-6.45689e+42,9.03965e+60,
device5,-2.22737e+12,4.97982e+24,3.32841e+30,3.31594e+30,5.38052e+60,-7.3997e+42,1.10151e+61,
device5,-1.54979e+12,2.41863e+24,1.49555e+30,1.48515e+30,1.12757e+60,-2.3097e+42,2.21326e+60,
device5,-2.37393e+12,5.62065e+24,3.56912e+30,3.57859e+30,6.26337e+60,-8.4841e+42,1.27885e+61,
device6,-6.42265e+11,4.18947e+23,4.6526e+28,4.58087e+28,1.80821e+57,-2.96502e+40,1.92469e+57,
device6,-1.71414e+12,2.92704e+24,1.90911e+30,1.91645e+30,2.43082e+60,-3.27878e+42,3.59986e+60,
device6,-2.85004e+11,8.04117e+22,4.34307e+27,4.38749e+27,1.67976e+55,-1.24416e+39,1.71915e+55,
device6,-4.65078e+11,2.20506e+23,1.79614e+28,1.76184e+28,2.54511e+56,-8.27324e+39,2.92017e+56,
device6,-6.39475e+11,4.11252e+23,4.51039e+28,4.48466e+28,1.81944e+57,-2.87597e+40,1.7793e+57,
device6,-8.88423e+11,7.92051e+23,1.09386e+29,1.09001e+29,1.00322e+58,-9.70078e+40,1.09092e+58,
device6,-1.19591e+12,1.42933e+24,9.62943e+29,9.63526e+29,6.30521e+59,-1.15194e+42,9.07874e+59,
device6,-2.05698e+12,4.23563e+24,2.82954e+30,2.82657e+30,4.86557e+60,-5.81727e+42,7.93041e+60,
device6,-2.37967e+12,5.63175e+24,3.77079e+30,3.79164e+30,8.88189e+60,-8.99807e+42,1.41995e+61,
device6,-1.21579e+12,1.49279e+24,4.9638e+29,4.91527e+29,-7.11813e+57,-6.00547e+41,1.96602e+57,
device6,-6.30021e+11,3.96628e+23,4.30993e+28,4.31292e+28,1.5936e+57,-2.71621e+40,1.69031e+57,
device6,-4.62187e+11,2.17238e+23,1.76534e+28,1.73593e+28,2.44567e+56,-8.09095e+39,2.84142e+56,
device6,-2.81818e+11,7.87434e+22,4.24374e+27,4.28065e+27,1.55084e+55,-1.2012e+39,1.66548e+55,
device6,-1.73136e+12,2.98896e+24,1.97031e+30,1.97603e+30,2.56269e+60,-3.41628e+42,3.83398e+60,
device7,-6.5204e+10,3.82525e+21,4.64223e+25,5.18635e+25,1.29619e+51,-3.20769e+36,2.54512e+51,
device7,-3.93587e+11,1.58961e+23,9.81965e+27,9.56979e+27,4.56574e+55,-3.81547e+39,9.27608e+55,
device7,-3.95246e+11,1.59121e+23,9.83908e+27,9.65877e+27,4.73737e+55,-3.85289e+39,9.41549e+55,
device7,-4.01555e+11,1.56881e+23,9.60846e+27,9.87925e+27,4.70666e+55,-3.913e+39,9.62523e+55,
device7,-6.90174e+11,4.71922e+23,4.40456e+28,4.44606e+28,9.73667e+56,-3.05429e+40,1.96747e+57,
device7,-6.85563e+11,4.73694e+23,4.43535e+28,4.40057e+28,9.74471e+56,-3.02871e+40,1.94421e+57,
device7,1.85931e+09,5.23588e+18,6.35207e+20,6.97096e+20,4.01163e+41,1.58754e+30,4.49639e+41,
device7,-2.16538e+12,4.68713e+24,2.4112e+30,2.41209e+30,2.90373e+60,-5.22212e+42,5.81707e+60,
device7,-3.92521e+11,1.53539e+23,9.34603e+27,9.37907e+27,4.44453e+55,-3.6751e+39,8.78067e+55,
device7,-3.80327e+11,1.42043e+23,8.36519e+27,8.51999e+27,3.61848e+55,-3.21107e+39,7.19305e+55,
device7,-3.88451e+11,1.50589e+23,9.10008e+27,9.11846e+27,4.11542e+55,-3.53849e+39,8.3065e+55,
device7,-3.89885e+11,1.54642e+23,9.44748e+27,9.28595e+27,4.32452e+55,-3.65166e+39,8.69804e+55,
device7,-6.84811e+11,4.65255e+23,4.3265e+28,4.36096e+28,9.46947e+56,-2.9746e+40,1.89426e+57,
device7,-6.76044e+11,4.5554e+23,4.19673e+28,4.21073e+28,8.80406e+56,-2.84197e+40,1.77001e+57,
device8,-2.65978e+11,7.17113e+22,3.39818e+27,3.35242e+27,-1.915e+54,-8.97744e+38,6.29099e+54,
device8,-2.03042e+11,4.07499e+22,1.54e+27,1.55798e+27,-4.73799e+53,-3.14503e+38,1.1147e+54,
device8,-2.89393e+11,8.67238e+22,4.51549e+27,4.35953e+27,-3.35767e+54,-1.28384e+39,1.05287e+55,
device8,-8.81004e+11,7.84546e+23,1.75687e+29,1.73811e+29,3.11154e+58,-1.53953e+41,1.85334e+56,
device8,-8.67498e+10,7.8771e+21,1.46563e+26,1.39486e+26,-3.28993e+51,-1.23798e+37,3.11316e+51,
device8,-1.31619e+11,1.83555e+22,4.95073e+26,4.66677e+26,-4.117e+52,-6.32266e+37,4.56327e+52,
device8,-1.93162e+12,3.74402e+24,2.06086e+30,2.05375e+30,8.06531e+59,-3.9739e+42,3.94233e+60,
device8,-1.95887e+12,3.85733e+24,2.11647e+30,2.10541e+30,7.69663e+59,-4.13504e+42,4.10961e+60,
device8,-1.43222e+12,2.04872e+24,1.11536e+30,1.11675e+30,1.92295e+59,-1.59845e+42,1.14053e+60,
device8,-1.65511e+12,2.73757e+24,1.51997e+30,1.52098e+30,4.4564e+59,-2.51656e+42,2.1597e+60,
device8,-2.71477e+11,7.23721e+22,3.43887e+27,3.50126e+27,-2.13871e+54,-9.41912e+38,6.53151e+54,
device8,-1.13999e+11,1.43287e+22,3.42375e+26,3.1025e+26,-1.8308e+52,-3.71378e+37,1.98232e+52,
device8,-7.61699e+10,5.95041e+21,9.63149e+25,9.3764e+25,-1.57798e+51,-7.23285e+36,1.63238e+51,
device8,-8.55708e+11,7.40397e+23,1.61291e+29,1.59517e+29,2.58754e+58,-1.37258e+41,4.84037e+55,
device9,2.11978e+09,2.78406e+19,1.46687e+22,5.7042e+21,2.9617e+43,3.00912e+31,4.43332e+43,
device9,-3.66918e+10,1.06227e+21,4.12579e+24,5.29266e+24,-1.39305e+48,-1.725e+35,1.86748e+49,
device9,1.82702e+09,1.91234e+19,3.932e+22,1.9575e+22,4.1393e+44,8.56018e+31,5.18949e+44,
device9,-1.1645e+12,1.3652e+24,2.0861e+29,2.07212e+29,2.23139e+58,-2.4211e+41,4.30719e+58,
device9,-1.04252e+12,1.09663e+24,1.556e+29,1.54214e+29,1.23587e+58,-1.61493e+41,2.38835e+58,
device9,-9.5305e+11,9.01535e+23,1.18997e+29,1.19893e+29,7.4578e+57,-1.13838e+41,1.43164e+58,
device9,-1.12704e+12,1.27248e+24,1.89877e+29,1.89535e+29,1.88696e+58,-2.13804e+41,3.59409e+58,
device9,-4.05026e+09,1.59835e+19,2.28894e+22,4.95673e+21,-4.14671e+40,-1.39934e+31,5.40893e+40,
device9,-1.05747e+12,1.12484e+24,1.61144e+29,1.60198e+29,1.30749e+58,-1.69903e+41,2.57379e+58,
device9,-1.09634e+12,1.21636e+24,1.78568e+29,1.76452e+29,1.6113e+58,-1.94607e+41,3.13172e+58,
device9,-1.67773e+11,3.01455e+22,5.65273e+26,5.27593e+26,6.14856e+52,-9.16031e+37,2.71571e+53,
device9,-1.21268e+11,1.42076e+22,1.87993e+26,1.94702e+26,6.97893e+51,-2.32076e+37,3.47248e+52,
device9,-7.33259e+10,4.94901e+21,4.04597e+25,4.39872e+25,1.64657e+50,-3.09446e+36,1.62533e+51,
device9,-5.27701e+10,2.64588e+21,1.6147e+25,1.68559e+25,-6.05638e+48,-8.67036e+35,2.18763e+50,
dog,-4.26296e+11,1.82654e+23,1.06469e+28,1.05943e+28,-2.30512e+54,-4.5278e+39,5.24484e+53,
dog,-1.18312e+11,1.32914e+22,1.29297e+27,1.36389e+27,1.5501e+54,-1.57241e+38,1.64804e+54,
dog,-1.21516e+12,1.48107e+24,6.78309e+29,6.76276e+29,4.12104e+59,-8.23023e+41,4.04754e+59,
dog,-1.1628e+11,1.36081e+22,1.28652e+27,1.27814e+27,1.48407e+54,-1.49099e+38,1.4423e+54,
dog,-9.79307e+10,9.78624e+21,8.87394e+26,8.68557e+26,6.96887e+53,-8.59223e+37,6.66867e+53,
dog,-1.18426e+12,1.40157e+24,6.22571e+29,6.22974e+29,3.36805e+59,-7.37526e+41,3.50265e+59,
dog,-1.3397e+12,1.80065e+24,8.26897e+29,8.24192e+29,6.11497e+59,-1.10597e+42,6.01685e+59,
dog,-1.3077e+11,1.62764e+22,1.52965e+27,1.60803e+27,2.42144e+54,-2.0515e+38,2.11828e+54,
dog,-1.26064e+11,1.58744e+22,1.49205e+27,1.49398e+27,2.04241e+54,-1.88232e+38,1.94729e+54,
dog,-1.09196e+11,1.1765e+22,1.09966e+27,1.11495e+27,1.1477e+54,-1.20934e+38,1.06578e+54,
dog,-9.21817e+09,9.05262e+19,1.80158e+24,1.59391e+24,2.94464e+48,-1.51405e+34,1.90531e+48,
dog,-2.20391e+09,1.58404e+19,1.04329e+24,1.21958e+23,2.86743e+44,4.42392e+32,5.94791e+45,
dog,-1.01743e+11,9.94657e+21,8.17702e+26,8.51784e+26,6.69375e+53,-8.49506e+37,6.07421e+53,
dog,-1.44889e+12,2.10675e+24,9.73796e+29,9.70334e+29,8.54154e+59,-1.40841e+42,8.29921e+59,
elephant,-5.61423e+10,4.01351e+21,1.88112e+25,1.46386e+25,-2.03807e+48,-9.27336e+35,3.29344e+47,
elephant,-6.29586e+11,3.91786e+23,1.89297e+28,1.91522e+28,2.48772e+56,-1.19879e+40,3.56461e+56,
elephant,-7.1297e+11,5.10949e+23,9.64537e+28,9.59572e+28,5.21849e+57,-6.85908e+40,9.20519e+57,
elephant,-2.88238e+10,8.9281e+20,1.95081e+24,1.80754e+24,-2.83585e+45,-5.40083e+34,1.12073e+44,
elephant,-1.98289e+10,5.82088e+20,1.12785e+24,7.19371e+23,-2.43018e+46,-1.73423e+34,9.97993e+45,
elephant,-1.63882e+09,4.58341e+19,2.55435e+22,1.244e+21,-2.93643e+41,-5.82078e+30,3.15439e+41,
elephant,-4.51443e+11,2.04322e+23,1.14596e+28,1.14301e+28,-9.07001e+54,-5.16662e+39,4.14926e+54,
elephant,-3.6736e+11,1.36302e+23,4.45225e+27,4.40778e+27,2.35119e+55,-1.62731e+39,8.00784e+54,
elephant,-3.4988e+10,1.02428e+21,2.62128e+24,3.10015e+24,-9.70516e+47,-9.92166e+34,5.69152e+47,
elephant,-4.03323e+11,1.60114e+23,2.3535e+28,2.39118e+28,1.90603e+56,-9.56813e+39,5.5696e+56,
elephant,-1.00056e+12,1.00293e+24,2.86602e+29,2.86076e+29,5.70518e+58,-2.86496e+41,7.97659e+58,
elephant,-1.62052e+11,2.77149e+22,2.99693e+27,2.83942e+27,-3.15351e+52,-4.727e+38,6.64596e+54,
elephant,-1.65347e+11,2.78763e+22,2.94575e+27,2.88904e+27,8.54205e+54,-4.82359e+38,6.68349e+54,
elephant,-1.8189e+11,3.21642e+22,3.69644e+27,3.80307e+27,1.00578e+55,-6.82057e+38,1.38469e+55,
face,-4.32235e+11,1.90944e+23,3.41637e+28,3.34247e+28,1.45807e+56,-1.46056e+40,1.01785e+57,
face,-4.35519e+11,1.93095e+23,3.37246e+28,3.31257e+28,1.17623e+56,-1.45563e+40,9.82569e+56,
face,-4.43624e+11,1.9299e+23,3.35148e+28,3.41821e+28,1.24385e+56,-1.50164e+40,1.02765e+57,
face,-4.43226e+11,1.92889e+23,3.33577e+28,3.39792e+28,1.24159e+56,-1.49234e+40,1.01693e+57,
face,-4.2353e+11,1.80281e+23,3.09768e+28,3.08213e+28,7.01579e+55,-1.30865e+40,8.24441e+56,
face,-4.2645e+11,1.81145e+23,3.08094e+28,3.09285e+28,6.19147e+55,-1.31635e+40,8.20485e+56,
face,-4.30264e+11,1.8701e+23,3.21765e+28,3.18528e+28,8.58393e+55,-1.37746e+40,8.90256e+56,
face,-4.39112e+11,1.90643e+23,3.34899e+28,3.38747e+28,1.52159e+56,-1.47906e+40,1.03111e+57,
face,-4.33871e+11,1.91954e+23,3.39099e+28,3.32509e+28,1.31528e+56,-1.4568e+40,9.98755e+56,
face,-4.33685e+11,1.91913e+23,3.3828e+28,3.31483e+28,1.3135e+56,-1.45216e+40,9.93243e+56,
face,-3.62409e+11,1.34533e+23,1.94228e+28,1.89605e+28,-4.4604e+55,-6.95448e+39,2.3784e+56,
face,-3.6858e+11,1.37682e+23,1.98155e+28,1.95515e+28,-5.17958e+55,-7.25471e+39,2.43294e+56,
face,-3.70717e+11,1.38985e+23,1.97618e+28,1.95394e+28,-5.34026e+55,-7.28443e+39,2.39439e+56,
face,-3.6131e+11,1.32163e+23,1.87269e+28,1.8497e+28,-4.86143e+55,-6.72444e+39,2.13317e+56,
fish,-1.98836e+12,3.94444e+24,2.13099e+30,2.13593e+30,3.77933e+60,-4.24209e+42,4.20802e+60,
fish,-4.01068e+10,1.45923e+21,8.57991e+25,9.35978e+25,9.46503e+51,-3.57542e+36,6.8446e+50,
fish,-7.95181e+10,6.35171e+21,4.94283e+26,4.92201e+26,2.91454e+53,-3.92273e+37,6.58311e+52,
fish,-4.79004e+10,2.45486e+21,1.72764e+26,1.60911e+26,3.1056e+52,-7.97258e+36,3.88301e+51,
fish,-8.51518e+10,7.05433e+21,6.2398e+26,6.41878e+26,4.84491e+53,-5.39114e+37,9.41549e+52,
fish,-3.58654e+10,1.38369e+21,1.67419e+26,1.55289e+26,2.6015e+52,-5.77641e+36,2.82085e+50,
fish,-1.44019e+11,2.1587e+22,2.42488e+27,2.33002e+27,6.6431e+54,-3.42338e+38,1.46549e+54,
fish,-1.0326e+11,1.11542e+22,1.09839e+27,1.04944e+27,1.35846e+54,-1.10835e+38,4.43764e+53,
fish,-1.73885e+11,3.1287e+22,4.21224e+27,4.06869e+27,1.96078e+55,-7.19675e+38,2.58533e+54,
fish,-1.40989e+10,3.01122e+20,1.24053e+25,8.28451e+24,9.56884e+49,-1.43749e+35,1.19371e+49,
fish,-5.00843e+10,2.605e+21,1.59228e+26,1.53133e+26,2.88186e+52,-7.81575e+36,7.31009e+51,
fish,-3.1577e+10,9.87101e+20,4.43693e+25,4.36842e+25,2.24073e+51,-1.37233e+36,2.97149e+50,
fish,-4.17377e+10,1.97376e+21,1.13999e+26,1.00667e+26,1.27169e+52,-4.47235e+36,2.07374e+51,
fish,-3.12968e+10,9.31366e+20,4.01507e+25,4.18476e+25,2.00051e+51,-1.27708e+36,2.59508e+50,
flatfish,-5.82245e+11,3.39361e+23,3.14744e+28,3.14387e+28,1.13791e+57,-1.83145e+40,5.93748e+56,
flatfish,-5.39136e+11,2.90066e+23,5.6504e+28,5.66235e+28,3.83956e+57,-3.04962e+40,1.43607e+57,
flatfish,-8.37257e+11,6.96135e+23,1.55232e+29,1.56323e+29,2.79626e+58,-1.30428e+41,1.47398e+58,
flatfish,-6.06061e+11,3.6628e+23,7.61646e+28,7.63754e+28,7.01875e+57,-4.62232e+40,2.34322e+57,
flatfish,-7.06556e+11,5.01627e+23,1.17236e+29,1.16664e+29,1.64688e+58,-8.26277e+40,4.75675e+57,
flatfish,-6.1829e+11,3.83723e+23,7.93635e+28,7.90695e+28,7.54917e+57,-4.89799e+40,2.49354e+57,
flatfish,-6.69094e+11,4.55462e+23,9.33532e+28,9.17588e+28,9.8635e+57,-6.19261e+40,4.89069e+57,
flatfish,-7.65986e+11,5.86808e+23,1.31466e+29,1.31446e+29,1.99202e+58,-1.00692e+41,1.02916e+58,
flatfish,-9.20985e+11,8.55464e+23,2.06864e+29,2.05112e+29,4.64999e+58,-1.89711e+41,2.90923e+58,
flatfish,-7.10616e+11,5.09065e+23,1.06169e+29,1.0532e+29,1.29928e+58,-7.51446e+40,6.26986e+57,
flatfish,-5.66081e+11,3.2181e+23,6.54944e+28,6.52198e+28,5.13295e+57,-3.69981e+40,1.74548e+57,
flatfish,-7.13824e+11,5.0945e+23,1.18945e+29,1.18971e+29,1.70833e+58,-8.49162e+40,5.07087e+57,
flatfish,-6.14134e+11,3.81492e+23,8.02867e+28,7.93678e+28,7.63414e+57,-4.90215e+40,2.54389e+57,
flatfish,-6.35684e+11,4.09108e+23,8.03241e+28,7.93386e+28,6.92901e+57,-5.07462e+40,4.42158e+57,
fly,-2.20951e+11,4.86671e+22,7.60385e+27,7.62781e+27,4.78406e+55,-1.68274e+39,5.38113e+55,
fly,-1.16047e+11,1.39448e+22,1.48276e+27,1.43082e+27,1.01569e+53,-1.68964e+38,1.76547e+54,
fly,-1.15982e+11,1.39751e+22,1.48735e+27,1.43073e+27,1.04361e+53,-1.69136e+38,1.76906e+54,
fly,-2.9276e+11,8.6243e+22,1.31917e+28,1.31088e+28,8.99673e+55,-3.84968e+39,1.72316e+56,
fly,-2.89324e+11,8.17624e+22,1.21771e+28,1.24691e+28,9.00886e+55,-3.56542e+39,1.52874e+56,
fly,-2.07067e+11,4.08781e+22,6.45225e+27,6.77541e+27,3.55633e+55,-1.36987e+39,4.21012e+55,
fly,-2.075e+11,4.44446e+22,7.32538e+27,7.09601e+27,3.98642e+55,-1.49597e+39,4.83901e+55,
fly,-1.25097e+11,1.44048e+22,1.63523e+27,1.78145e+27,1.85184e+54,-2.13809e+38,3.01715e+54,
fly,-1.19716e+11,1.45883e+22,1.6704e+27,1.64056e+27,1.83309e+54,-1.9815e+38,2.65971e+54,
fly,-4.51059e+11,2.02215e+23,3.53765e+28,3.55969e+28,4.43041e+56,-1.60073e+40,1.24425e+57,
fly,-2.12744e+11,4.47186e+22,7.11561e+27,7.20366e+27,4.2081e+55,-1.52334e+39,4.79612e+55,
fly,-2.00193e+11,4.13543e+22,6.74967e+27,6.54131e+27,3.63287e+55,-1.33022e+39,3.99991e+55,
fly,-1.41436e+11,2.17277e+22,2.62538e+27,2.41567e+27,6.07445e+54,-3.56078e+38,4.91165e+54,
fly,-6.84523e+10,4.50423e+21,3.31079e+26,3.44507e+26,1.25937e+53,-2.31211e+37,8.30839e+52,
fork,-1.20369e+12,1.43658e+24,6.87917e+29,6.93815e+29,-9.72328e+58,-8.31589e+41,1.37643e+59,
fork,-5.82585e+11,3.45043e+23,1.68471e+29,1.65714e+29,1.46759e+58,-9.73413e+40,2.76722e+58,
fork,-4.99078e+11,2.50768e+23,1.41707e+29,1.40748e+29,1.55132e+58,-7.04822e+40,1.87926e+58,
fork,-1.00912e+12,1.02038e+24,6.15479e+29,6.14223e+29,3.18356e+59,-6.20451e+41,3.46131e+59,
fork,-2.93071e+11,8.6791e+22,3.68929e+28,3.65072e+28,6.13198e+56,-1.07551e+40,1.33816e+57,
fork,-7.99891e+11,6.37469e+23,3.34841e+29,3.36087e+29,7.7938e+58,-2.68338e+41,1.09944e+59,
fork,-8.0935e+11,6.54306e+23,4.28172e+29,4.28661e+29,1.3826e+59,-3.4674e+41,1.7556e+59,
fork,-4.50979e+11,2.02004e+23,1.02851e+29,1.03554e+29,8.11517e+57,-4.65424e+40,1.0191e+58,
fork,-5.73534e+11,3.34089e+23,2.00531e+29,1.97433e+29,3.7104e+58,-1.14117e+41,3.34884e+58,
fork,-8.08092e+11,6.58287e+23,5.85327e+29,5.80627e+29,3.67808e+59,-4.71091e+41,2.39804e+59,
fork,-1.44823e+12,2.09303e+24,1.22115e+30,1.22369e+30,1.23514e+60,-1.77035e+42,1.38402e+60,
fork,-8.26863e+11,6.77091e+23,4.321e+29,4.36328e+29,1.69715e+59,-3.59035e+41,1.67889e+59,
fork,-8.7549e+11,7.57763e+23,4.80181e+29,4.8573e+29,2.12799e+59,-4.22826e+41,2.06161e+59,
fork,-7.83266e+11,6.14691e+23,3.27076e+29,3.26443e+29,7.78495e+58,-2.55938e+41,1.02811e+59,
fountain,-3.2346e+11,1.04576e+23,3.50879e+28,3.50968e+28,1.48234e+57,-1.13497e+40,5.11565e+56,
fountain,-3.6839e+11,1.4008e+23,5.04725e+28,4.88957e+28,2.92833e+57,-1.83003e+40,9.56298e+56,
fountain,-3.20818e+11,1.01982e+23,3.55797e+28,3.58914e+28,1.54726e+57,-1.14618e+40,4.91169e+56,
fountain,-3.50149e+11,1.24925e+23,4.58341e+28,4.49787e+28,2.46289e+57,-1.58976e+40,7.9153e+56,
fountain,-3.58417e+11,1.29213e+23,4.74063e+28,4.71116e+28,2.68704e+57,-1.69348e+40,8.17823e+56,
fountain,-3.29237e+11,1.10074e+23,3.90656e+28,3.84546e+28,1.79808e+57,-1.27582e+40,5.6631e+56,
fountain,-3.78697e+11,1.44942e+23,5.43744e+28,5.37977e+28,3.51112e+57,-2.04814e+40,1.08803e+57,
fountain,-3.5336e+11,1.2681e+23,4.58676e+28,4.5153e+28,2.47929e+57,-1.60792e+40,7.74471e+56,
fountain,-3.6579e+11,1.33359e+23,4.84552e+28,4.86206e+28,2.84666e+57,-1.77554e+40,9.05857e+56,
fountain,-3.34046e+11,1.1257e+23,4.0354e+28,4.00028e+28,1.93566e+57,-1.34215e+40,6.5572e+56,
fountain,-3.49826e+11,1.24822e+23,4.52301e+28,4.43409e+28,2.39507e+57,-1.56657e+40,7.6509e+56,
fountain,-3.25474e+11,1.08526e+23,3.83149e+28,3.73926e+28,1.70665e+57,-1.23184e+40,5.51776e+56,
fountain,-3.26549e+11,1.08723e+23,3.89438e+28,3.81866e+28,1.77581e+57,-1.25913e+40,5.71886e+56,
fountain,-3.0575e+11,9.47629e+22,3.30676e+28,3.26082e+28,1.2916e+57,-1.0038e+40,4.09751e+56,
frog,-4.7289e+11,2.24371e+23,3.99054e+28,3.97708e+28,1.19643e+57,-1.88386e+40,1.51335e+57,
frog,-1.31194e+11,1.63451e+22,1.43604e+27,1.51108e+27,2.15429e+54,-1.93188e+38,1.85553e+54,
frog,-1.31228e+11,1.84563e+22,1.72474e+27,1.60905e+27,2.53115e+54,-2.18596e+38,2.28674e+54,
frog,-8.15712e+10,6.34495e+21,4.57529e+26,4.79857e+26,1.87324e+53,-3.82231e+37,2.07142e+53,
frog,-7.74666e+10,6.17787e+21,4.38925e+26,4.25714e+26,1.39887e+53,-3.34609e+37,1.75402e+53,
frog,-9.00916e+11,8.1766e+23,2.02733e+29,2.01241e+29,2.42059e+58,-1.81971e+41,4.03994e+58,
frog,-8.99851e+11,8.19345e+23,2.03362e+29,2.00972e+29,2.42185e+58,-1.81915e+41,4.0378e+58,
frog,-7.012e+10,4.93781e+21,3.2624e+26,3.24406e+26,8.44816e+52,-2.27958e+37,9.88673e+52,
frog,-7.02111e+10,4.93307e+21,3.25701e+26,3.25303e+26,8.48343e+52,-2.28479e+37,9.91937e+52,
frog,-4.5523e+11,2.07204e+23,3.6547e+28,3.65496e+28,1.00448e+57,-1.66373e+40,1.27746e+57,
frog,-1.23658e+11,1.44541e+22,1.15637e+27,1.22535e+27,6.7081e+53,-1.47318e+38,1.45653e+54,
frog,-1.2365e+11,1.44595e+22,1.1568e+27,1.2252e+27,6.67466e+53,-1.47328e+38,1.4566e+54,
frog,-9.55241e+10,9.38895e+21,6.85775e+26,6.65099e+26,8.85723e+52,-6.44458e+37,4.20176e+53,
frog,-1.30723e+11,1.84608e+22,1.72192e+27,1.59341e+27,2.47755e+54,-2.16497e+38,2.26218e+54,
Glas,-6.99775e+11,4.83318e+23,9.28123e+28,9.40406e+28,2.30134e+56,-6.53781e+40,7.28424e+57,
Glas,-7.60481e+11,5.73989e+23,1.14104e+29,1.14967e+29,9.62858e+56,-8.71013e+40,1.1395e+58,
Glas,-6.87571e+11,4.69081e+23,9.07455e+28,9.14579e+28,2.60933e+56,-6.26391e+40,6.94383e+57,
Glas,-6.78342e+11,4.60176e+23,9.37666e+28,9.3761e+28,9.96241e+56,-6.3604e+40,7.8407e+57,
Glas,-5.88752e+11,3.49639e+23,6.19707e+28,6.14332e+28,-3.46628e+56,-3.63256e+40,2.65991e+57,
Glas,-6.71114e+11,4.54011e+23,8.90139e+28,8.83029e+28,3.151e+56,-5.94988e+40,6.58096e+57,
Glas,-6.8519e+11,4.72464e+23,9.07041e+28,9.01322e+28,1.66825e+56,-6.19533e+40,6.71726e+57,
Glas,-7.96722e+11,6.34963e+23,1.25265e+29,1.25224e+29,9.25312e+56,-9.9784e+40,1.34105e+58,
Glas,-8.57162e+11,7.24999e+23,1.49993e+29,1.52014e+29,3.3438e+57,-1.29435e+41,2.09002e+58,
Glas,-6.55945e+11,4.23604e+23,8.37068e+28,8.50346e+28,7.78546e+56,-5.53447e+40,6.37705e+57,
Glas,-8.58448e+11,7.33289e+23,1.54193e+29,1.54961e+29,4.08264e+57,-1.32697e+41,2.21176e+58,
Glas,-4.99342e+11,2.51869e+23,4.31967e+28,4.27639e+28,-2.54418e+56,-2.14617e+40,1.14875e+57,
Glas,-6.54927e+11,4.35487e+23,9.30502e+28,9.1645e+28,1.58685e+57,-6.04778e+40,7.88336e+57,
Glas,-6.33333e+11,4.02294e+23,8.97375e+28,8.94762e+28,2.1479e+57,-5.67518e+40,7.72175e+57,
guitar,-9.6008e+11,9.1629e+23,3.82233e+29,3.84528e+29,3.93898e+58,-3.68082e+41,1.41946e+59,
guitar,-1.92059e+11,3.58604e+22,5.101e+27,5.25004e+27,3.06891e+55,-9.94193e+38,1.74283e+55,
guitar,-2.01845e+12,4.07661e+24,2.76824e+30,2.76655e+30,-4.27003e+59,-5.58584e+42,5.7238e+60,
guitar,-3.96694e+11,1.60107e+23,2.94886e+28,2.89807e+28,8.62418e+56,-1.15962e+40,6.68107e+56,
guitar,-1.68962e+11,2.89797e+22,4.05459e+27,3.99217e+27,1.82127e+55,-6.79603e+38,1.01752e+55,
guitar,-1.40239e+12,1.98274e+24,8.29981e+29,8.23271e+29,5.776e+59,-1.15925e+42,6.21662e+59,
guitar,-1.81195e+12,3.28119e+24,1.44076e+30,1.44162e+30,1.68131e+60,-2.61137e+42,1.93845e+60,
guitar,-3.43509e+11,1.16527e+23,2.37055e+28,2.40054e+28,6.65769e+56,-8.19449e+39,3.28168e+56,
guitar,-1.87942e+11,3.54593e+22,4.61628e+27,4.59674e+27,2.24793e+55,-8.65595e+38,1.56838e+55,
guitar,-2.85591e+11,8.4978e+22,4.69447e+27,4.50503e+27,-1.26184e+54,-1.31326e+39,5.33012e+53,
guitar,-9.36454e+10,8.51807e+21,9.83096e+26,1.01263e+27,1.21696e+54,-9.34587e+37,4.11656e+53,
guitar,-1.06278e+12,1.13429e+24,4.23164e+29,4.21378e+29,3.33636e+58,-4.4878e+41,1.65748e+59,
guitar,-6.02388e+09,7.61731e+19,2.8005e+24,1.06904e+24,1.33568e+48,-9.07116e+33,1.97847e+48,
guitar,-1.22744e+12,1.50951e+24,5.90536e+29,5.89405e+29,8.2299e+58,-7.24155e+41,3.31075e+59,
hammer,-4.36513e+11,1.89825e+23,2.63805e+28,2.64815e+28,-4.03625e+55,-1.15377e+40,1.64507e+55,
hammer,-7.05836e+10,4.69484e+21,9.57097e+26,1.01729e+27,6.37259e+53,-6.97039e+37,9.91164e+53,
hammer,-4.91088e+10,2.65019e+21,4.07292e+26,3.70257e+26,1.6535e+53,-1.90608e+37,8.64769e+52,
hammer,-2.55454e+10,7.49743e+20,4.05472e+25,3.49236e+25,1.30225e+51,-9.56259e+35,1.06998e+51,
hammer,-5.13152e+10,2.46128e+21,2.46692e+26,2.61146e+26,-1.38299e+52,-1.29558e+37,2.21947e+52,
hammer,-2.55454e+10,7.49743e+20,4.05472e+25,3.49236e+25,1.19407e+49,-9.56259e+35,1.0703e+51,
hammer,-8.13799e+10,6.86876e+21,1.14498e+27,1.09921e+27,-2.0017e+53,-9.10998e+37,7.05685e+53,
hammer,-6.39309e+10,4.82115e+21,7.80861e+26,6.59656e+26,-9.55394e+52,-4.58025e+37,1.94176e+53,
hammer,-1.02586e+11,1.06444e+22,2.5567e+27,2.52724e+27,3.92276e+54,-2.6074e+38,6.37036e+54,
hammer,-6.39309e+10,4.82115e+21,7.80861e+26,6.59656e+26,5.68969e+53,-4.58025e+37,1.97017e+53,
hammer,-2.32826e+10,7.09327e+20,4.35728e+25,3.31238e+25,1.13792e+51,-8.82181e+35,1.11136e+51,
hammer,-7.05272e+10,5.21663e+21,8.67762e+26,8.26681e+26,-1.10391e+53,-5.9708e+37,4.08622e+53,
hammer,-9.6297e+10,9.07462e+21,1.98855e+27,2.03238e+27,2.92334e+54,-1.93607e+38,3.95628e+54,
hammer,-7.05272e+10,5.21663e+21,8.67762e+26,8.26681e+26,8.10567e+53,-5.9708e+37,4.09302e+53,
hat,-2.1292e+11,4.48313e+22,5.11977e+27,5.17678e+27,2.19136e+55,-1.0961e+39,2.47006e+55,
hat,-1.32657e+10,2.96224e+20,1.1843e+25,6.65191e+24,6.53881e+49,-1.14228e+35,1.2324e+49,
hat,-3.89294e+11,1.51168e+23,2.13967e+28,2.14513e+28,2.93783e+56,-8.34033e+39,4.53555e+56,
hat,6.84431e+08,1.15595e+16,1.17548e+22,2.96362e+22,5.15359e+44,7.03098e+29,4.70587e+44,
hat,8.24891e+07,8.15317e+14,1.99645e+19,1.78362e+19,-4.1858e+35,4.36829e+26,4.82265e+33,
hat,7.73893e+08,3.84314e+16,1.55425e+22,3.85145e+22,2.14245e+43,1.72433e+30,8.72193e+44,
hat,-4.2839e+11,1.86148e+23,1.56154e+28,1.53967e+28,-2.23843e+55,-6.64291e+39,1.25643e+55,
hat,-1.42268e+11,2.08282e+22,1.89124e+27,1.83613e+27,3.96707e+54,-2.64989e+38,1.98662e+54,
hat,-3.18565e+11,1.02982e+23,1.51523e+28,1.49309e+28,2.6535e+56,-4.79145e+39,1.16821e+56,
hat,-4.09669e+10,1.99253e+21,1.12616e+26,9.32979e+25,1.12274e+52,-4.1643e+36,1.95103e+51,
hat,-4.36639e+10,2.20949e+21,1.20137e+26,1.03121e+26,1.3835e+52,-4.84718e+36,4.3107e+51,
hat,-1.26246e+11,1.5333e+22,1.30204e+27,1.35423e+27,2.08701e+54,-1.67689e+38,1.03934e+54,
hat,6.42894e+08,1.01461e+16,1.53878e+22,3.71132e+22,4.73713e+44,-4.89519e+29,8.99487e+44,
hat,-4.28783e+11,1.82085e+23,2.71166e+28,2.73823e+28,5.38179e+56,-1.16844e+40,7.21156e+56,
HCircle,-4.62247e+11,2.16983e+23,3.15278e+28,3.10452e+28,-1.18859e+56,-1.44613e+40,6.3512e+56,
HCircle,-5.55417e+11,3.045e+23,4.6807e+28,4.74184e+28,-4.73761e+55,-2.61662e+40,1.75467e+57,
HCircle,-3.63335e+11,1.29191e+23,1.65474e+28,1.69071e+28,-5.17179e+55,-6.07696e+39,1.45972e+56,
HCircle,-4.16442e+11,1.74009e+23,2.35104e+28,2.34318e+28,-1.0549e+56,-9.77443e+39,2.65354e+56,
HCircle,-4.95156e+11,2.39574e+23,3.66564e+28,3.75216e+28,-5.88718e+55,-1.83655e+40,1.0617e+57,
HCircle,-4.16127e+11,1.71412e+23,2.61965e+28,2.64643e+28,-2.87058e+55,-1.09567e+40,5.32527e+56,
HCircle,-4.49688e+11,2.08124e+23,3.09332e+28,3.00559e+28,-8.68233e+55,-1.37117e+40,6.3887e+56,
HCircle,-4.51911e+11,2.03408e+23,2.97806e+28,2.98972e+28,-9.7618e+55,-1.34839e+40,6.02327e+56,
HCircle,-4.05697e+11,1.68653e+23,2.42487e+28,2.36652e+28,-7.59703e+55,-9.71867e+39,3.59062e+56,
HCircle,-4.48965e+11,2.00897e+23,2.89633e+28,2.90593e+28,-1.0788e+56,-1.30248e+40,5.43175e+56,
HCircle,-4.53136e+11,2.05853e+23,3.00714e+28,2.99955e+28,-1.05148e+56,-1.36093e+40,5.97659e+56,
HCircle,-4.45566e+11,1.99273e+23,2.88079e+28,2.86999e+28,-1.01862e+56,-1.28116e+40,5.38259e+56,
HCircle,-1.69357e+11,3.00578e+22,2.84741e+27,2.71679e+27,-1.14114e+54,-4.71015e+38,4.5297e+54,
HCircle,-4.23534e+11,1.81987e+23,2.64412e+28,2.60631e+28,-8.44632e+55,-1.11185e+40,4.46189e+56,
Heart,-1.57718e+11,2.71323e+22,6.01883e+26,5.51365e+26,2.52903e+53,-9.08203e+37,2.98183e+53,
Heart,-9.82415e+10,1.07703e+22,1.57784e+26,1.41479e+26,2.5059e+52,-1.46827e+37,4.43534e+51,
Heart,-1.76689e+11,3.0186e+22,6.88736e+26,7.12664e+26,3.71362e+53,-1.23819e+38,4.78753e+53,
Heart,-1.84968e+11,3.55993e+22,8.71758e+26,8.37577e+26,4.71072e+53,-1.58032e+38,7.03538e+53,
Heart,-7.47973e+11,5.6023e+23,6.32589e+28,6.31685e+28,-7.8159e+56,-4.72807e+40,9.83699e+56,
Heart,-1.59681e+11,2.44103e+22,5.13334e+26,5.36754e+26,2.24069e+53,-8.38612e+37,2.64671e+53,
Heart,-1.67146e+11,2.6962e+22,5.93536e+26,6.15428e+26,2.93604e+53,-1.01054e+38,3.50287e+53,
Heart,-8.78121e+10,7.58882e+21,9.45098e+25,9.59793e+25,7.86517e+51,-8.36113e+36,8.29342e+51,
Heart,-3.30335e+10,1.10986e+21,5.58736e+24,5.47185e+24,2.71712e+49,-1.82292e+35,2.66993e+49,
Heart,-3.82327e+10,1.47387e+21,8.53437e+24,8.4303e+24,3.51068e+49,-3.23645e+35,7.14405e+49,
Heart,-2.80292e+10,5.69614e+20,1.98054e+24,2.86696e+24,-5.4388e+47,-6.84243e+34,5.00445e+48,
Heart,-1.15475e+11,1.35733e+22,2.20832e+26,2.16519e+26,3.77241e+52,-2.52254e+37,4.44493e+52,
Heart,-9.48521e+10,8.72982e+21,1.18566e+26,1.22273e+26,1.36377e+52,-1.14244e+37,1.27519e+52,
Heart,-1.2983e+11,1.66498e+22,3.04007e+26,3.07616e+26,9.19049e+52,-3.9693e+37,7.77216e+52,
horse,-1.255e+10,1.52001e+20,3.01524e+23,2.22783e+23,6.13004e+46,-2.74233e+33,-5.20114e+43,
horse,-5.33142e+11,2.92363e+23,2.04174e+28,1.98536e+28,-1.8405e+55,-1.0735e+40,6.55998e+54,
horse,-3.29542e+11,1.07365e+23,1.94094e+28,1.96324e+28,4.56042e+56,-6.43287e+39,1.87795e+56,
horse,-6.691e+11,4.47254e+23,1.65041e+29,1.65202e+29,1.9147e+58,-1.10482e+41,2.65219e+58,
horse,-2.46199e+11,6.27327e+22,7.94838e+27,7.67942e+27,2.43404e+55,-1.92343e+39,5.96279e+55,
horse,-4.57835e+11,2.1075e+23,1.27693e+28,1.27022e+28,-2.78682e+54,-5.83126e+39,5.78407e+53,
horse,-1.6691e+11,2.85113e+22,7.58827e+26,7.42142e+26,6.40257e+53,-1.25313e+38,7.00414e+52,
horse,-3.90996e+11,1.51428e+23,9.29028e+27,9.38067e+27,1.0508e+56,-3.65037e+39,3.86788e+55,
horse,-2.96978e+11,9.00071e+22,1.35195e+28,1.32474e+28,1.40982e+56,-3.97437e+39,1.66502e+56,
horse,-6.61066e+11,4.36072e+23,1.44168e+29,1.44478e+29,1.03301e+58,-9.54068e+40,2.08512e+58,
horse,-8.84257e+11,7.87707e+23,9.3446e+28,9.27534e+28,3.18544e+57,-8.23213e+40,8.53526e+57,
horse,-3.65894e+11,1.35067e+23,2.48954e+28,2.46752e+28,4.7925e+56,-9.06851e+39,5.77408e+56,
horse,-7.30927e+11,5.36465e+23,1.97073e+29,1.96253e+29,1.85625e+58,-1.43743e+41,3.85857e+58,
horse,-5.70238e+11,3.29061e+23,2.51054e+28,2.48079e+28,-8.46897e+54,-1.42308e+40,1.5582e+54,
horseshoe,-5.24798e+11,2.77044e+23,5.64832e+28,5.61476e+28,1.15526e+57,-2.95533e+40,3.1234e+57,
horseshoe,-2.76032e+10,6.80342e+20,2.81874e+25,3.14987e+25,2.54892e+50,-8.21582e+35,9.10942e+50,
horseshoe,-2.68893e+10,7.97325e+20,3.70288e+25,3.23604e+25,-5.40242e+49,-9.13607e+35,8.3323e+50,
horseshoe,-3.04573e+10,1.22096e+21,5.65772e+25,4.24206e+25,4.73177e+50,-1.48223e+36,1.95909e+51,
horseshoe,1.63699e+09,5.32574e+15,1.72027e+23,4.72738e+23,9.79632e+46,-2.61888e+31,1.2936e+47,
horseshoe,-5.25973e+09,7.53516e+19,1.47428e+24,4.93378e+23,2.10626e+47,-4.28227e+33,4.16035e+47,
horseshoe,1.65063e+09,1.52634e+17,1.36671e+23,3.31925e+23,7.15906e+45,2.57218e+31,6.61929e+46,
horseshoe,2.12468e+08,2.15543e+14,7.12337e+20,2.08416e+21,9.36513e+41,-2.46293e+28,2.31735e+42,
horseshoe,1.62259e+09,7.48128e+16,1.07194e+23,2.79341e+23,8.53203e+45,9.08131e+30,4.72207e+46,
horseshoe,3.04891e+08,2.31164e+15,1.15138e+21,2.94752e+21,6.5599e+41,6.06887e+28,5.99154e+42,
horseshoe,-3.61931e+10,1.20763e+21,6.75634e+25,7.33585e+25,3.67521e+51,-2.54928e+36,4.99757e+51,
horseshoe,1.62259e+09,7.48128e+16,1.07368e+23,2.79327e+23,9.93446e+45,7.39113e+30,4.78819e+46,
horseshoe,1.63699e+09,5.32574e+15,1.07741e+23,3.44296e+23,3.17551e+46,-2.11701e+31,6.72636e+46,
horseshoe,1.41887e+09,6.85701e+16,9.36201e+22,2.53471e+23,6.23083e+45,5.99561e+30,3.79753e+46,
jar,5.49551e+09,1.70446e+19,1.74877e+22,2.17858e+22,5.34239e+43,5.66464e+31,2.55702e+44,
jar,5.49551e+09,1.70446e+19,1.74877e+22,2.17858e+22,3.28e+44,5.66464e+31,4.43689e+44,
jar,-5.92846e+09,1.12666e+20,3.34626e+23,7.82788e+22,-3.02973e+44,-7.31838e+32,1.63882e+44,
jar,-1.49762e+12,2.23725e+24,1.11091e+30,1.1137e+30,5.41911e+59,-1.66582e+42,1.23554e+60,
jar,-1.50621e+12,2.26539e+24,1.13194e+30,1.13358e+30,5.51278e+59,-1.70618e+42,1.27978e+60,
jar,-1.63506e+12,2.67001e+24,1.44837e+30,1.45022e+30,9.06393e+59,-2.36969e+42,2.09517e+60,
jar,-1.49762e+12,2.23725e+24,1.11091e+30,1.1137e+30,6.96869e+59,-1.66582e+42,1.23554e+60,
jar,-2.61532e+11,6.71832e+22,2.71163e+27,2.76139e+27,1.93873e+54,-7.15745e+38,7.24852e+54,
jar,-3.57819e+11,1.27495e+23,7.092e+27,7.12246e+27,-1.28347e+54,-2.54318e+39,3.95383e+55,
jar,-3.57819e+11,1.27495e+23,7.092e+27,7.12246e+27,5.19044e+55,-2.54318e+39,3.95402e+55,
jar,-8.6692e+11,7.57431e+23,8.37104e+28,8.30603e+28,2.22275e+57,-7.22878e+40,6.7755e+57,
jar,-7.84705e+11,6.14867e+23,6.12253e+28,6.13144e+28,1.71539e+57,-4.80787e+40,3.75193e+57,
jar,-7.84705e+11,6.14867e+23,6.12253e+28,6.13144e+28,2.04134e+57,-4.80787e+40,3.75209e+57,
jar,-9.21009e+11,8.47848e+23,9.9135e+28,9.91841e+28,3.11591e+57,-9.13274e+40,9.61134e+57,
key,-5.46212e+11,3.00114e+23,9.07318e+28,9.0197e+28,9.21666e+57,-4.94123e+40,5.23442e+57,
key,-3.78492e+11,1.43941e+23,3.26213e+28,3.24655e+28,1.12088e+57,-1.23173e+40,7.83417e+56,
key,-3.74751e+11,1.3888e+23,3.3644e+28,3.40274e+28,1.23408e+57,-1.26809e+40,8.38049e+56,
key,-3.56281e+11,1.2782e+23,3.30647e+28,3.28346e+28,1.28724e+57,-1.1739e+40,5.30755e+56,
key,-4.21629e+11,1.75498e+23,4.21903e+28,4.27349e+28,1.99894e+57,-1.79027e+40,1.24676e+57,
key,-3.12555e+11,9.80145e+22,2.09682e+28,2.08979e+28,5.1122e+56,-6.54255e+39,2.44038e+56,
key,-4.03263e+11,1.64138e+23,3.8325e+28,3.79669e+28,1.62098e+57,-1.53819e+40,9.54801e+56,
key,-3.0442e+11,9.60964e+22,2.07626e+28,2.00223e+28,4.62482e+56,-6.20679e+39,2.5942e+56,
key,-3.54885e+11,1.23319e+23,2.89414e+28,2.95632e+28,1.02019e+57,-1.03817e+40,4.54783e+56,
key,-2.65061e+11,7.36955e+22,1.43018e+28,1.36336e+28,2.08367e+56,-3.70111e+39,1.32773e+56,
key,-4.1363e+11,1.71728e+23,4.57884e+28,4.56123e+28,2.33063e+57,-1.89018e+40,1.37832e+57,
key,-3.62658e+11,1.31874e+23,3.04322e+28,3.03475e+28,9.87655e+56,-1.10205e+40,6.72438e+56,
key,-5.67387e+11,3.20985e+23,8.94878e+28,8.97472e+28,9.41818e+57,-5.08467e+40,4.43571e+57,
key,-4.00613e+11,1.6008e+23,3.707e+28,3.71657e+28,1.52242e+57,-1.487e+40,9.43665e+56,
lizzard,-5.2994e+11,2.75163e+23,5.27081e+28,5.3803e+28,1.56031e+57,-2.82229e+40,2.86132e+57,
lizzard,-1.22408e+12,1.49367e+24,6.66692e+29,6.68801e+29,2.49981e+59,-8.1738e+41,4.45523e+59,
lizzard,-2.43777e+11,5.82401e+22,7.02599e+27,7.17146e+27,2.15319e+55,-1.73069e+39,5.07074e+55,
lizzard,-2.43664e+11,5.82334e+22,7.02426e+27,7.16388e+27,2.14348e+55,-1.72876e+39,5.06158e+55,
lizzard,-5.90028e+11,3.47201e+23,1.02321e+29,1.02593e+29,3.11785e+57,-6.04515e+40,1.02152e+58,
lizzard,-1.04534e+12,1.08805e+24,3.77468e+29,3.79104e+29,1.12569e+59,-3.95442e+41,1.35316e+59,
lizzard,-9.9438e+11,9.90713e+23,3.35074e+29,3.3442e+29,8.44327e+58,-3.32864e+41,1.06961e+59,
lizzard,-5.92908e+11,3.54923e+23,9.43385e+28,9.34374e+28,3.57053e+57,-5.56657e+40,8.7219e+57,
lizzard,-2.78316e+11,7.64793e+22,1.25356e+28,1.26971e+28,1.40262e+56,-3.51136e+39,1.43926e+56,
lizzard,-1.11525e+12,1.24107e+24,3.60668e+29,3.6145e+29,1.28952e+59,-4.02667e+41,1.06589e+59,
lizzard,-2.2125e+11,4.99964e+22,9.29397e+27,9.09811e+27,4.71235e+55,-2.03433e+39,8.34444e+55,
lizzard,-5.76517e+11,3.3217e+23,3.64936e+28,3.65206e+28,-5.19578e+55,-2.10483e+40,1.68186e+55,
lizzard,-5.68883e+11,3.32083e+23,3.64916e+28,3.55657e+28,-4.94123e+55,-2.04953e+40,1.59104e+55,
lizzard,-7.03818e+11,4.98049e+23,6.80184e+28,6.76548e+28,-7.24074e+56,-4.77458e+40,6.42866e+56,
lmfish,-4.4772e+11,2.01173e+23,1.58152e+28,1.57589e+28,3.00267e+56,-7.06825e+39,8.46448e+55,
lmfish,-1.21325e+12,1.46925e+24,2.88811e+29,2.89346e+29,3.69801e+58,-3.50725e+41,8.34565e+58,
lmfish,-3.37201e+11,1.13531e+23,2.57533e+28,2.57939e+28,-1.32019e+56,-8.6911e+39,1.7309e+56,
lmfish,-7.04236e+10,5.33604e+21,5.51876e+26,5.10754e+26,3.20726e+53,-3.73095e+37,5.5809e+52,
lmfish,-3.79456e+11,1.43997e+23,5.55695e+27,5.55676e+27,-2.38348e+53,-2.10862e+39,3.26023e+52,
lmfish,-7.87868e+10,6.21742e+21,6.35348e+26,6.34175e+26,4.83779e+53,-5.00051e+37,1.12208e+53,
lmfish,-2.03741e+11,4.06577e+22,6.94597e+27,7.09066e+27,4.86681e+55,-1.42974e+39,4.10772e+55,
lmfish,-1.30426e+11,1.66255e+22,2.29632e+27,2.34981e+27,2.89102e+54,-3.02984e+38,5.45615e+54,
lmfish,-1.09641e+11,1.23576e+22,1.61477e+27,1.57089e+27,1.25262e+54,-1.74628e+38,2.50208e+54,
lmfish,-1.83789e+11,3.3188e+22,5.19385e+27,5.28624e+27,3.33024e+55,-9.63024e+38,1.17998e+55,
lmfish,-6.35902e+10,3.89836e+21,3.23898e+26,3.34239e+26,1.32746e+53,-2.08688e+37,3.55358e+52,
lmfish,-3.94956e+10,1.38049e+21,1.08057e+26,1.22817e+26,1.43448e+52,-4.56328e+36,1.12096e+52,
lmfish,-6.67495e+10,3.93188e+21,3.35434e+26,3.82872e+26,9.4932e+52,-2.40079e+37,1.33871e+53,
lmfish,-2.09303e+10,4.56283e+20,2.15477e+25,2.04157e+25,2.11785e+50,-4.36083e+35,4.27485e+50,
Misk,-6.24309e+11,3.93962e+23,4.10774e+28,4.06378e+28,1.74859e+57,-2.55069e+40,3.4223e+55,
Misk,-5.77848e+11,3.40512e+23,3.64872e+28,3.57819e+28,1.29453e+57,-2.088e+40,1.32584e+53,
Misk,-6.72476e+11,4.53888e+23,4.93279e+28,4.91484e+28,2.59451e+57,-3.31118e+40,8.18576e+55,
Misk,-1.19295e+12,1.42426e+24,3.08884e+29,3.08646e+29,2.59142e+58,-3.68345e+41,9.19064e+58,
Misk,-1.36714e+12,1.86551e+24,4.806e+29,4.81519e+29,3.40589e+58,-6.57677e+41,2.11081e+59,
Misk,-1.34304e+12,1.79783e+24,4.33112e+29,4.3455e+29,4.98804e+58,-5.82658e+41,1.81361e+59,
Misk,-5.95096e+11,3.58231e+23,3.76666e+28,3.72371e+28,1.41908e+57,-2.22873e+40,5.13159e+54,
Misk,-7.00127e+11,4.92078e+23,5.48266e+28,5.46155e+28,3.24426e+57,-3.83118e+40,1.3443e+56,
Misk,-6.15521e+11,3.87115e+23,4.06171e+28,3.97523e+28,1.66256e+57,-2.47333e+40,2.17496e+55,
Misk,-6.31597e+11,4.042e+23,4.36954e+28,4.3123e+28,1.93642e+57,-2.74162e+40,1.94585e+55,
Misk,-7.34951e+11,5.37444e+23,6.1873e+28,6.21901e+28,4.46965e+57,-4.55919e+40,5.46583e+56,
Misk,-1.4499e+12,2.08858e+24,5.80694e+29,5.84486e+29,9.06805e+58,-8.44695e+41,3.27773e+59,
Misk,-1.48944e+12,2.22329e+24,6.3474e+29,6.3335e+29,1.2279e+59,-9.44368e+41,3.91279e+59,
Misk,-1.39291e+12,1.9387e+24,5.57741e+29,5.58173e+29,1.02086e+59,-7.77185e+41,3.05191e+59,
octopus,-2.60858e+11,6.68389e+22,8.50517e+27,8.65978e+27,3.71737e+55,-2.23883e+39,7.43236e+55,
octopus,-1.94973e+11,3.69682e+22,4.06589e+27,4.18359e+27,5.58337e+54,-8.04384e+38,1.68928e+55,
octopus,-1.60361e+11,2.54826e+22,2.62539e+27,2.64782e+27,1.08575e+54,-4.22679e+38,6.39524e+54,
octopus,-2.00001e+11,3.93965e+22,5.09453e+27,5.17305e+27,1.47575e+55,-1.02678e+39,2.65001e+55,
octopus,-1.78784e+11,3.29072e+22,4.13729e+27,4.01719e+27,8.26626e+54,-7.28733e+38,1.63799e+55,
octopus,-1.43142e+11,1.93456e+22,2.11916e+27,2.24723e+27,1.7691e+54,-3.12563e+38,4.83893e+54,
octopus,-9.31745e+10,8.25165e+21,7.94733e+26,8.36706e+26,4.44282e+52,-7.60051e+37,5.87011e+53,
octopus,-2.61726e+11,6.71043e+22,8.83214e+27,9.01683e+27,4.28753e+55,-2.33576e+39,8.04046e+55,
octopus,-2.19715e+11,4.65994e+22,5.60106e+27,5.80628e+27,1.47763e+55,-1.2534e+39,3.30433e+55,
octopus,-1.91848e+11,3.61619e+22,4.18764e+27,4.26271e+27,5.83951e+54,-8.10609e+38,1.76333e+55,
octopus,-1.5662e+11,2.38699e+22,2.99383e+27,3.07806e+27,4.30024e+54,-4.75556e+38,9.3349e+54,
octopus,-1.3129e+11,1.66579e+22,2.01264e+27,2.08221e+27,1.87609e+54,-2.68741e+38,4.25039e+54,
octopus,-1.00795e+11,1.06541e+22,1.26472e+27,1.20487e+27,5.51338e+53,-1.24365e+38,1.47077e+54,
octopus,-7.66108e+10,5.99362e+21,7.10355e+26,6.94312e+26,2.01876e+53,-5.37525e+37,4.85233e+53,
pencil,-2.21855e+11,5.08893e+22,1.28552e+28,1.24329e+28,1.88714e+56,-2.8047e+39,4.28474e+55,
pencil,-1.4848e+11,2.30946e+22,5.51068e+27,5.25639e+27,3.40949e+55,-7.98809e+38,8.84208e+54,
pencil,-1.78509e+11,3.40272e+22,7.15861e+27,6.70231e+27,5.58579e+55,-1.23634e+39,1.93318e+55,
pencil,-1.66304e+11,2.72409e+22,6.60431e+27,6.70703e+27,5.38069e+55,-1.10698e+39,1.39023e+55,
pencil,-1.82065e+11,3.39749e+22,9.02195e+27,8.80122e+27,9.4651e+55,-1.62227e+39,2.68539e+55,
pencil,-2.81556e+11,8.09443e+22,1.96238e+28,1.92157e+28,4.49116e+56,-5.46701e+39,1.09823e+56,
pencil,-3.0046e+11,8.9122e+22,2.31953e+28,2.34997e+28,6.60206e+56,-7.01543e+39,1.5965e+56,
pencil,-2.10336e+11,4.49046e+22,1.0409e+28,1.0256e+28,1.2785e+56,-2.17332e+39,3.49023e+55,
pencil,-1.85403e+11,3.57282e+22,8.00693e+27,7.69821e+27,7.28846e+55,-1.45511e+39,2.3331e+55,
pencil,-1.83582e+11,3.60259e+22,9.16631e+27,8.57427e+27,9.09928e+55,-1.62744e+39,3.47836e+55,
pencil,-9.09096e+10,7.24808e+21,1.2284e+27,1.40577e+27,-1.34943e+53,-1.19681e+38,1.34914e+54,
pencil,-9.90685e+10,1.05858e+22,1.8852e+27,1.74557e+27,-5.58295e+52,-1.79597e+38,2.4989e+54,
pencil,-1.14971e+11,1.34555e+22,2.32467e+27,2.28359e+27,-3.51847e+53,-2.64892e+38,3.86127e+54,
pencil,-8.86685e+10,7.68203e+21,1.30053e+27,1.33138e+27,-1.24399e+53,-1.16692e+38,1.27794e+54,
personal_car,-8.93709e+11,7.9976e+23,2.93067e+29,2.92689e+29,1.03469e+59,-2.6175e+41,2.95786e+58,
personal_car,-1.35526e+12,1.84309e+24,5.90973e+29,5.88928e+29,4.11576e+59,-7.9953e+41,1.77164e+59,
personal_car,-2.31993e+11,5.46206e+22,3.0806e+27,3.03463e+27,-5.88159e+53,-7.09224e+38,2.54074e+53,
personal_car,-3.14785e+11,1.02684e+23,2.32609e+28,2.24452e+28,6.1252e+56,-7.19241e+39,2.41642e+56,
personal_car,-4.79553e+11,2.32892e+23,5.20694e+28,5.14142e+28,3.18573e+57,-2.48119e+40,1.21113e+57,
personal_car,-5.25384e+11,2.79636e+23,6.45137e+28,6.36767e+28,4.8002e+57,-3.36726e+40,2.19122e+57,
personal_car,-3.37225e+11,1.10546e+23,1.74089e+28,1.79115e+28,3.49728e+56,-5.9553e+39,2.15335e+56,
personal_car,-3.44025e+11,1.22634e+23,2.05773e+28,1.9859e+28,4.23557e+56,-6.95446e+39,3.00468e+56,
personal_car,-4.37818e+11,1.91999e+23,3.38203e+28,3.37602e+28,1.21517e+57,-1.47929e+40,8.39853e+56,
personal_car,-3.94258e+11,1.55112e+23,2.65808e+28,2.66388e+28,7.65998e+56,-1.04915e+40,5.07933e+56,
personal_car,-1.22026e+12,1.50133e+24,5.11475e+29,5.07286e+29,3.10759e+59,-6.21571e+41,1.09304e+59,
personal_car,-1.15856e+12,1.35112e+24,4.55872e+29,4.52876e+29,2.44584e+59,-5.26413e+41,1.01924e+59,
personal_car,-9.17386e+11,8.42887e+23,2.25079e+29,2.24734e+29,6.0378e+58,-2.06326e+41,2.37685e+58,
personal_car,-8.78115e+11,7.77568e+23,2.12554e+29,2.10778e+29,5.28815e+58,-1.85863e+41,2.26382e+58,
pocket,-5.55689e+10,2.85293e+21,1.71466e+26,1.86205e+26,3.88271e+51,-9.94572e+36,2.98077e+52,
pocket,5.40508e+08,5.52276e+16,1.36257e+22,2.70598e+22,-2.809e+43,2.43057e+30,4.02746e+44,
pocket,-2.38949e+09,1.46006e+19,1.07549e+24,1.15082e+23,-1.99499e+46,3.76311e+32,4.25926e+46,
pocket,-6.2822e+10,3.80695e+21,2.62896e+26,2.72315e+26,1.305e+52,-1.6802e+37,6.76604e+52,
pocket,-5.01868e+11,2.49789e+23,5.74043e+28,5.78867e+28,6.81676e+56,-2.89312e+40,3.13335e+57,
pocket,-3.2369e+11,1.05886e+23,1.65919e+28,1.64179e+28,4.70224e+55,-5.34243e+39,2.50621e+56,
pocket,-1.20272e+10,3.3675e+20,1.25305e+25,5.37185e+24,1.53003e+48,-9.83559e+34,3.35705e+49,
pocket,-6.97757e+10,4.05507e+21,2.56628e+26,3.10719e+26,4.64892e+51,-1.97864e+37,7.48349e+52,
pocket,1.54936e+09,2.01104e+17,1.31448e+23,3.12112e+23,2.88544e+45,2.87013e+31,5.77918e+46,
pocket,-6.0311e+09,7.54051e+19,2.11572e+24,8.9301e+23,8.41096e+47,-7.64742e+33,1.30696e+48,
pocket,-2.99158e+11,8.85092e+22,1.18724e+28,1.20029e+28,3.29571e+55,-3.57093e+39,1.36073e+56,
pocket,-1.40818e+11,1.99254e+22,2.3057e+27,2.29456e+27,9.23474e+53,-3.23895e+38,4.8841e+54,
pocket,-1.28894e+12,1.65816e+24,5.84523e+29,5.85665e+29,5.9982e+58,-7.54158e+41,3.1717e+59,
pocket,-1.02372e+11,9.58464e+21,6.39564e+26,7.01116e+26,5.8229e+52,-6.864e+37,4.22366e+53,
rat,-1.43634e+11,2.16656e+22,3.88673e+27,3.69751e+27,9.46689e+54,-5.44245e+38,1.37316e+55,
rat,-1.54091e+11,2.42598e+22,4.33655e+27,4.24351e+27,1.14372e+55,-6.6095e+38,1.80022e+55,
rat,-1.50612e+11,2.44897e+22,4.44663e+27,4.11689e+27,1.17864e+55,-6.4426e+38,1.72767e+55,
rat,-1.58687e+11,2.43255e+22,4.39464e+27,4.55158e+27,1.36054e+55,-7.09892e+38,1.99722e+55,
rat,-1.51468e+11,2.16937e+22,3.77071e+27,3.99356e+27,1.05748e+55,-5.88204e+38,1.51424e+55,
rat,-1.57223e+11,2.43656e+22,4.30997e+27,4.37338e+27,1.25512e+55,-6.82662e+38,1.86559e+55,
rat,-1.4665e+11,2.16468e+22,3.75312e+27,3.72748e+27,8.8447e+54,-5.4842e+38,1.37723e+55,
rat,-1.54382e+11,2.46225e+22,4.49962e+27,4.35255e+27,1.35063e+55,-6.82983e+38,1.8732e+55,
rat,-1.1782e+12,1.38852e+24,2.90845e+29,2.9077e+29,6.86245e+58,-3.42631e+41,7.88022e+58,
rat,-1.54492e+11,2.45717e+22,4.51335e+27,4.38288e+27,1.36597e+55,-6.87032e+38,1.89609e+55,
rat,-1.52357e+11,2.17018e+22,3.88748e+27,4.16506e+27,1.13591e+55,-6.13578e+38,1.64042e+55,
rat,-1.5427e+11,2.405e+22,4.21901e+27,4.17364e+27,1.11343e+55,-6.4725e+38,1.72964e+55,
rat,-1.58019e+11,2.43648e+22,4.32107e+27,4.43028e+27,1.29452e+55,-6.91531e+38,1.90159e+55,
rat,-1.52064e+11,2.16835e+22,3.85871e+27,4.12088e+27,1.1088e+55,-6.06813e+38,1.60941e+55,
ray,-1.16688e+12,1.35796e+24,3.46108e+29,3.47041e+29,5.07408e+57,-4.04413e+41,1.01294e+59,
ray,-1.71759e+10,2.66206e+20,1.09592e+24,9.79896e+23,-8.66358e+45,-1.59819e+34,-1.36758e+45,
ray,-2.39213e+11,5.64588e+22,7.43671e+27,7.53797e+27,-3.4991e+54,-1.7911e+39,4.17733e+55,
ray,-2.39221e+11,5.63689e+22,7.41881e+27,7.53206e+27,-3.51082e+54,-1.78827e+39,4.16616e+55,
ray,-4.79799e+11,2.31133e+23,6.16053e+28,6.13556e+28,1.21717e+57,-2.94975e+40,3.69178e+57,
ray,-1.13191e+11,1.30289e+22,2.34473e+26,2.29732e+26,-1.08338e+52,-2.62226e+37,1.55894e+52,
ray,-1.08032e+11,1.08836e+22,1.82786e+26,1.95874e+26,-7.36639e+51,-2.04344e+37,1.68477e+52,
ray,-4.35042e+11,1.94151e+23,1.34665e+28,1.31239e+28,1.77828e+56,-5.78274e+39,7.96249e+53,
ray,-3.08358e+10,1.39157e+21,9.49607e+24,6.33015e+24,-8.13477e+47,-2.36017e+35,2.1208e+47,
ray,-6.63904e+11,4.40215e+23,5.2185e+28,5.22493e+28,4.28986e+56,-3.46667e+40,2.50087e+57,
ray,-1.0951e+12,1.19874e+24,3.09681e+29,3.09809e+29,6.31722e+57,-3.39201e+41,8.25411e+58,
ray,-2.18835e+11,4.69938e+22,6.19072e+27,6.30976e+27,-1.80486e+54,-1.36783e+39,2.99438e+55,
ray,-2.1883e+11,4.69994e+22,6.19179e+27,6.30977e+27,-1.80082e+54,-1.36792e+39,2.9949e+55,
ray,-1.04509e+11,1.06458e+22,1.76478e+26,1.81147e+26,-5.98648e+51,-1.86905e+37,1.65265e+52,
sea_snake,-6.36859e+10,4.94947e+21,6.46964e+26,5.2991e+26,2.46194e+53,-3.72804e+37,2.91835e+53,
sea_snake,-8.08906e+10,6.02758e+21,8.56171e+26,9.32537e+26,4.8662e+53,-7.23998e+37,8.29263e+53,
sea_snake,-5.67827e+11,3.21978e+23,1.10586e+29,1.10737e+29,5.77496e+57,-6.28356e+40,1.22476e+58,
sea_snake,-7.83637e+10,6.42923e+21,5.59914e+26,5.34318e+26,2.55289e+53,-4.28429e+37,2.62919e+53,
sea_snake,-1.07301e+11,1.09036e+22,1.58089e+27,1.67041e+27,8.04429e+53,-1.74425e+38,2.63995e+54,
sea_snake,-2.31422e+10,3.16617e+20,1.32779e+25,2.51626e+25,3.94667e+50,-4.47736e+35,4.1678e+50,
sea_snake,-4.50156e+10,2.17322e+21,1.79739e+26,1.67103e+26,-5.28124e+50,-7.78996e+36,2.28191e+52,
sea_snake,-5.31033e+10,2.74421e+21,2.4722e+26,2.54129e+26,4.7555e+52,-1.33126e+37,6.10471e+52,
sea_snake,-9.23611e+10,8.07519e+21,8.69331e+26,9.19458e+26,-1.68406e+53,-8.26244e+37,2.47562e+53,
sea_snake,-6.85711e+09,1.90781e+18,3.33013e+23,3.81942e+23,-1.25426e+47,-5.00366e+32,-6.52807e+46,
sea_snake,-4.0241e+11,1.66177e+23,4.58061e+28,4.46357e+28,-7.68577e+54,-1.81957e+40,1.61927e+57,
sea_snake,-3.76936e+10,1.5544e+21,9.54991e+25,8.72077e+25,8.83612e+51,-3.43824e+36,5.36253e+51,
sea_snake,-4.03749e+10,1.92822e+21,1.39377e+26,1.17052e+26,1.18304e+52,-5.13982e+36,1.40203e+52,
sea_snake,-1.22289e+10,2.99319e+20,1.62228e+25,7.5759e+24,5.36125e+49,-1.30983e+35,8.47089e+49,
shoe,-4.13921e+11,1.69081e+23,1.64944e+28,1.6714e+28,-3.39729e+55,-6.87272e+39,2.34756e+55,
shoe,-4.30101e+11,1.84373e+23,1.63229e+28,1.63785e+28,-5.53906e+55,-7.03272e+39,9.02572e+55,
shoe,-1.25575e+12,1.57179e+24,4.87794e+29,4.89383e+29,2.69761e+59,-6.13543e+41,1.53961e+59,
shoe,-9.3856e+11,8.88811e+23,2.64817e+29,2.62465e+29,8.24839e+58,-2.47444e+41,3.33146e+58,
shoe,-1.3914e+12,1.95803e+24,6.63834e+29,6.56365e+29,4.99583e+59,-9.18448e+41,2.57809e+59,
shoe,-9.50171e+11,9.00829e+23,2.6532e+29,2.65907e+29,8.14693e+58,-2.52378e+41,4.19633e+58,
shoe,-8.68469e+11,7.48357e+23,2.48462e+29,2.50419e+29,7.29191e+58,-2.16631e+41,3.50475e+58,
shoe,-1.04961e+12,1.10291e+24,3.56122e+29,3.5572e+29,1.43363e+59,-3.73575e+41,8.05819e+58,
shoe,-6.97247e+11,4.82241e+23,1.17972e+29,1.1893e+29,1.55852e+58,-8.25893e+40,9.57802e+57,
shoe,-1.15326e+12,1.33209e+24,4.6015e+29,4.59425e+29,2.50493e+59,-5.3025e+41,1.068e+59,
shoe,-3.21401e+11,1.05815e+23,8.04654e+27,7.85023e+27,-7.01926e+54,-2.55362e+39,4.52836e+54,
shoe,-8.96671e+11,8.13179e+23,2.29741e+29,2.27145e+29,6.22531e+58,-2.04831e+41,2.29752e+58,
shoe,-9.6512e+11,9.42175e+23,2.98437e+29,2.95049e+29,1.03322e+59,-2.86392e+41,4.59447e+58,
shoe,-2.68741e+11,7.22441e+22,4.73438e+27,4.73415e+27,-4.19593e+53,-1.27246e+39,9.10198e+52,
spoon,-7.92962e+10,6.65459e+21,1.04301e+27,9.83125e+26,1.97951e+53,-8.0199e+37,9.31885e+53,
spoon,-7.92962e+10,5.87555e+21,8.62857e+26,9.25882e+26,6.76629e+53,-7.09709e+37,7.69022e+53,
spoon,-7.92962e+10,6.65459e+21,1.04301e+27,9.83125e+26,7.97584e+53,-8.0199e+37,9.328e+53,
spoon,-7.88786e+10,6.39555e+21,7.62689e+26,7.4034e+26,5.65168e+53,-5.92066e+37,4.39984e+53,
spoon,-1.17533e+11,1.3298e+22,2.28109e+27,2.37164e+27,2.17215e+54,-2.7349e+38,5.47306e+54,
spoon,-5.74038e+10,3.0936e+21,2.55583e+26,2.72139e+26,1.86413e+52,-1.51364e+37,6.89972e+52,
spoon,-7.88786e+10,6.39555e+21,7.62689e+26,7.4034e+26,-8.85373e+51,-5.92066e+37,4.39382e+53,
spoon,-4.81746e+10,2.89185e+21,3.96875e+26,3.17831e+26,9.8833e+52,-1.70914e+37,1.01711e+53,
spoon,-6.10595e+10,3.57593e+21,5.43537e+26,5.67324e+26,1.67067e+53,-3.39254e+37,3.14952e+53,
spoon,-3.52897e+10,1.15867e+21,9.92611e+25,1.06407e+26,4.73237e+51,-3.62196e+36,1.0927e+52,
spoon,-1.22121e+11,1.43246e+22,2.03568e+27,2.12087e+27,4.87776e+54,-2.53837e+38,2.99254e+54,
spoon,-1.69365e+11,2.88842e+22,5.83111e+27,5.79061e+27,1.97337e+55,-9.84133e+38,3.34837e+55,
spoon,-5.76961e+10,3.4183e+21,2.37643e+26,2.30956e+26,3.72475e+52,-1.35031e+37,5.28016e+52,
spoon,-1.22121e+11,1.43246e+22,2.03568e+27,2.12087e+27,-4.70941e+53,-2.53837e+38,2.99356e+54,
spring,-5.0025e+11,2.52909e+23,6.54546e+28,6.47634e+28,3.51513e+57,-3.25696e+40,3.88484e+57,
spring,-3.75065e+11,1.40852e+23,3.77475e+28,3.7698e+28,1.47525e+57,-1.41481e+40,1.09265e+57,
spring,-2.1618e+09,1.59811e+19,1.68531e+24,3.04187e+23,3.4864e+45,1.13871e+33,1.94012e+46,
spring,-4.94227e+11,2.44734e+23,7.2034e+28,7.18938e+28,8.52044e+56,-3.55663e+40,4.76212e+57,
spring,-5.0025e+11,2.52909e+23,6.54546e+28,6.47634e+28,3.51513e+57,-3.25696e+40,3.88484e+57,
spring,-1.22662e+12,1.49999e+24,9.47644e+29,9.50569e+29,7.90573e+59,-1.1642e+42,8.10239e+59,
spring,-2.36421e+11,5.60274e+22,1.30486e+28,1.30112e+28,-3.46763e+55,-3.07976e+39,6.88661e+55,
spring,-6.66854e+11,4.47873e+23,1.93174e+29,1.91809e+29,4.12044e+58,-1.28365e+41,2.45389e+58,
spring,-7.84695e+11,6.15003e+23,3.10841e+29,3.11206e+29,1.102e+59,-2.44054e+41,6.04835e+58,
spring,-7.50514e+11,5.64745e+23,2.7608e+29,2.75361e+29,8.50939e+58,-2.06932e+41,4.98575e+58,
spring,-4.23107e+10,1.88471e+21,1.81011e+26,1.70176e+26,-5.70611e+51,-7.38768e+36,1.42613e+52,
spring,-2.74814e+11,7.28817e+22,1.51799e+28,1.57332e+28,2.04602e+55,-4.24742e+39,2.12315e+56,
spring,-3.73109e+10,1.53806e+21,1.5482e+26,1.3956e+26,2.26402e+52,-5.47327e+36,1.40303e+52,
spring,-1.99435e+11,4.08491e+22,1.00788e+28,9.81054e+27,-7.40912e+54,-1.98283e+39,7.05304e+55,
stef,-1.48801e+10,4.01126e+20,7.83371e+25,4.12683e+25,2.64808e+51,-8.26418e+35,1.50704e+51,
stef,-4.16976e+10,1.75267e+21,3.50554e+26,3.44024e+26,1.40153e+53,-1.44021e+37,6.51193e+52,
stef,-3.42215e+10,9.02649e+20,1.47804e+26,1.99089e+26,3.89057e+52,-5.98144e+36,2.13112e+52,
stef,-2.64606e+10,8.86556e+20,1.80135e+26,1.40755e+26,2.52316e+52,-4.19092e+36,1.45256e+52,
stef,-2.64702e+10,8.85734e+20,1.77275e+26,1.38583e+26,2.44665e+52,-4.1243e+36,1.40532e+52,
stef,-3.07276e+10,1.03967e+21,2.23981e+26,1.99545e+26,4.988e+52,-6.4338e+36,2.15955e+52,
stef,-2.66976e+10,8.86435e+20,1.85816e+26,1.48862e+26,2.78815e+52,-4.43207e+36,1.60303e+52,
stef,-3.07732e+10,1.05019e+21,2.24509e+26,1.98622e+26,4.95946e+52,-6.43637e+36,2.14053e+52,
stef,-2.67476e+10,8.99952e+20,1.80297e+26,1.418e+26,2.56043e+52,-4.25388e+36,1.45556e+52,
stef,-2.67153e+10,9.04467e+20,1.78723e+26,1.38873e+26,2.47732e+52,-4.17642e+36,1.39198e+52,
stef,-1.90424e+10,5.15374e+20,1.03575e+26,6.83973e+25,6.80776e+51,-1.55081e+36,2.59058e+51,
stef,-2.30958e+10,4.06691e+20,6.52177e+25,8.94383e+25,7.82243e+51,-1.80367e+36,4.18435e+51,
stef,-2.31611e+10,4.01947e+20,6.73692e+25,9.37594e+25,8.5217e+51,-1.87975e+36,4.58782e+51,
stef,-2.7038e+10,5.16853e+20,9.06743e+25,1.2699e+26,1.6679e+52,-2.8869e+36,5.01979e+51,
teddy,-3.6898e+11,1.33328e+23,2.74661e+28,2.80488e+28,8.43051e+56,-1.02418e+40,5.55481e+56,
teddy,-3.92853e+11,1.5251e+23,3.3541e+28,3.39418e+28,1.2715e+57,-1.32551e+40,7.7165e+56,
teddy,-3.95757e+11,1.53203e+23,3.42044e+28,3.49764e+28,1.3472e+57,-1.36902e+40,8.08742e+56,
teddy,-3.96522e+11,1.60322e+23,3.57442e+28,3.50514e+28,1.37646e+57,-1.40347e+40,8.376e+56,
teddy,-4.01681e+11,1.62143e+23,3.63253e+28,3.61465e+28,1.46426e+57,-1.45551e+40,8.66398e+56,
teddy,-3.87654e+11,1.53242e+23,3.42868e+28,3.36223e+28,1.27172e+57,-1.31619e+40,7.62426e+56,
teddy,-3.69248e+11,1.37613e+23,3.02069e+28,2.99232e+28,9.98385e+56,-1.11004e+40,6.0688e+56,
teddy,-3.89453e+11,1.51789e+23,3.28726e+28,3.28452e+28,1.19412e+57,-1.27965e+40,7.33632e+56,
teddy,-3.77618e+11,1.43613e+23,3.17662e+28,3.15412e+28,1.10099e+57,-1.19529e+40,6.84196e+56,
teddy,-3.90549e+11,1.51699e+23,3.34055e+28,3.35888e+28,1.24412e+57,-1.30824e+40,7.65949e+56,
teddy,-4.08221e+11,1.68012e+23,3.77391e+28,3.74329e+28,1.56041e+57,-1.53435e+40,9.50609e+56,
teddy,-3.94188e+11,1.53033e+23,3.37574e+28,3.42768e+28,1.29709e+57,-1.34089e+40,7.81579e+56,
teddy,-3.94939e+11,1.59504e+23,3.56857e+28,3.48985e+28,1.36335e+57,-1.39377e+40,8.36083e+56,
teddy,-3.94635e+11,1.53198e+23,3.39156e+28,3.44787e+28,1.312e+57,-1.34951e+40,7.8974e+56,
tree,-7.84007e+10,5.96762e+21,6.0773e+26,6.27149e+26,1.68238e+53,-4.84475e+37,3.86206e+53,
tree,-1.04366e+11,1.08377e+22,1.2173e+27,1.22294e+27,9.03392e+53,-1.27313e+38,1.48107e+54,
tree,-1.03488e+11,1.04002e+22,1.09293e+27,1.12579e+27,4.28589e+53,-1.14809e+38,1.22774e+54,
tree,-1.04377e+11,1.0611e+22,1.24073e+27,1.2746e+27,9.73785e+53,-1.31296e+38,1.59063e+54,
tree,-1.04709e+11,1.07642e+22,1.33067e+27,1.35518e+27,1.26113e+54,-1.40602e+38,1.77378e+54,
tree,-3.87189e+11,1.50235e+23,4.51706e+28,4.50647e+28,-4.19677e+56,-1.74671e+40,6.6382e+56,
tree,-5.05786e+10,2.69873e+21,2.82522e+26,2.66708e+26,3.66548e+52,-1.38553e+37,7.32713e+52,
tree,-7.23214e+11,5.21403e+23,1.88201e+29,1.88793e+29,1.65543e+58,-1.36324e+41,3.55582e+58,
tree,-9.74389e+11,9.49008e+23,3.03376e+29,3.03502e+29,5.23158e+58,-2.95663e+41,9.18092e+58,
tree,-9.04939e+10,8.11933e+21,7.35362e+26,7.41137e+26,-7.17401e+52,-6.67819e+37,3.49664e+53,
tree,-8.10266e+10,7.23375e+21,9.05666e+26,8.21562e+26,4.24409e+53,-6.9875e+37,7.04429e+53,
tree,-1.04265e+11,1.1193e+22,1.56718e+27,1.52216e+27,1.91674e+54,-1.6104e+38,2.18673e+54,
tree,-6.99967e+10,4.59926e+21,5.58512e+26,5.96556e+26,1.88933e+53,-4.04571e+37,3.43831e+53,
tree,-4.35625e+10,1.94232e+21,2.34673e+26,2.28374e+26,4.3241e+52,-1.00648e+37,4.9122e+52,
truck,-5.4299e+10,3.17689e+21,8.75339e+26,8.10655e+26,7.08129e+53,-4.56916e+37,5.24788e+53,
truck,-5.41952e+10,3.1832e+21,8.57716e+26,7.89815e+26,6.75159e+53,-4.45612e+37,4.98509e+53,
truck,-5.80867e+10,3.40937e+21,9.14765e+26,9.02904e+26,9.03411e+53,-5.27203e+37,5.64593e+53,
truck,-5.41947e+10,3.18093e+21,8.54309e+26,7.86597e+26,6.69688e+53,-4.43638e+37,4.94588e+53,
truck,-5.80345e+10,3.41213e+21,8.9202e+26,8.7555e+26,8.52973e+53,-5.11437e+37,5.30779e+53,
truck,-5.77326e+10,4.38259e+21,1.24121e+27,9.44224e+26,1.07768e+54,-6.25087e+37,7.65994e+53,
truck,-5.81051e+10,3.41509e+21,9.11782e+26,8.9839e+26,8.95055e+53,-5.25008e+37,5.59641e+53,
truck,-6.19046e+10,4.17506e+21,1.1382e+27,1.04096e+27,1.13041e+54,-6.72612e+37,9.14714e+53,
truck,-5.80291e+10,3.41586e+21,9.07446e+26,8.88579e+26,8.79495e+53,-5.19331e+37,5.47513e+53,
truck,-6.60678e+10,4.40359e+21,1.21004e+27,1.19934e+27,1.52711e+54,-7.95875e+37,1.07821e+54,
truck,-6.54569e+10,4.43331e+21,1.1211e+27,1.0802e+27,1.26499e+54,-7.19233e+37,8.76836e+53,
truck,-6.94782e+10,4.71089e+21,1.18713e+27,1.209e+27,1.61216e+54,-8.29807e+37,9.69433e+53,
truck,-7.36349e+10,5.5632e+21,1.49896e+27,1.46065e+27,2.20732e+54,-1.08945e+38,1.69704e+54,
truck,-7.34335e+10,5.57184e+21,1.47736e+27,1.42884e+27,2.12621e+54,-1.06655e+38,1.62392e+54,
turtle,-2.67551e+11,7.18683e+22,1.19263e+28,1.1879e+28,6.45852e+55,-3.18456e+39,1.41211e+56,
turtle,-6.75218e+11,4.53446e+23,9.39736e+28,9.44861e+28,5.61142e+57,-6.36254e+40,8.80178e+57,
turtle,-1.48245e+12,2.18112e+24,9.9134e+29,9.98875e+29,3.96274e+59,-1.4752e+42,9.87139e+59,
turtle,-2.98085e+11,8.76454e+22,1.13004e+28,1.14571e+28,1.45616e+56,-3.39188e+39,8.64343e+55,
turtle,-6.61102e+11,4.40295e+23,1.20782e+29,1.1989e+29,8.85605e+57,-7.95525e+40,1.43015e+58,
turtle,-2.97831e+11,9.07823e+22,1.78358e+28,1.74282e+28,1.6779e+56,-5.25114e+39,3.06829e+56,
turtle,-7.22186e+11,5.26921e+23,1.22341e+29,1.21088e+29,1.44959e+58,-8.78968e+40,1.2096e+58,
turtle,-1.56459e+12,2.42557e+24,1.22949e+30,1.24086e+30,8.83165e+59,-1.93254e+42,1.52672e+60,
turtle,-3.12426e+11,1.00675e+23,1.83573e+28,1.77985e+28,1.60062e+56,-5.64735e+39,3.21749e+56,
turtle,-2.70619e+11,7.56223e+22,1.03439e+28,1.00182e+28,1.1927e+56,-2.75495e+39,5.66419e+55,
turtle,-1.28439e+11,1.68856e+22,1.43107e+27,1.397e+27,2.23505e+54,-1.81532e+38,1.26011e+54,
turtle,-4.47251e+11,2.02578e+23,4.72308e+28,4.66359e+28,1.40315e+57,-2.09902e+40,2.1594e+57,
turtle,-2.00938e+11,4.04163e+22,4.07172e+27,4.06674e+27,1.60392e+55,-8.17571e+38,1.37844e+55,
turtle,-4.15219e+11,1.69211e+23,3.48992e+28,3.55625e+28,7.02938e+56,-1.46287e+40,1.24968e+57,
watch,-3.93692e+11,1.52625e+23,3.54081e+28,3.5958e+28,1.54369e+57,-1.40478e+40,5.37909e+56,
watch,-7.74446e+11,6.07982e+23,8.99802e+28,8.87594e+28,-8.21576e+56,-6.92086e+40,4.9643e+56,
watch,-3.80046e+11,1.42637e+23,3.76502e+28,3.81168e+28,1.73054e+57,-1.43957e+40,3.74378e+56,
watch,-4.33606e+11,1.91257e+23,5.51095e+28,5.41586e+28,3.4627e+57,-2.36851e+40,4.9393e+56,
watch,-4.70183e+11,2.26717e+23,5.99224e+28,5.843e+28,4.12215e+57,-2.78213e+40,8.01603e+56,
watch,-4.92851e+11,2.45072e+23,6.13285e+28,6.07806e+28,4.46336e+57,-3.00893e+40,1.06389e+57,
watch,-4.9168e+11,2.4052e+23,6.79912e+28,6.83357e+28,5.61372e+57,-3.35138e+40,1.85885e+57,
watch,-2.95871e+11,8.82954e+22,2.00836e+28,1.99124e+28,4.69169e+56,-5.91688e+39,2.11329e+56,
watch,-2.43633e+11,5.83694e+22,1.29771e+28,1.31968e+28,2.07844e+56,-3.18831e+39,7.18922e+55,
watch,-3.27572e+11,1.08938e+23,3.06339e+28,3.01712e+28,1.08139e+57,-9.95822e+39,4.84664e+56,
watch,-2.79027e+11,7.93938e+22,1.78849e+28,1.75294e+28,3.69695e+56,-4.93924e+39,7.07097e+55,
watch,-2.93142e+11,8.50336e+22,2.29961e+28,2.32351e+28,6.35994e+56,-6.77547e+39,1.09153e+56,
watch,-3.90488e+11,1.51161e+23,5.1869e+28,5.2323e+28,3.1479e+57,-2.03429e+40,1.61127e+57,
watch,-4.55769e+11,2.09897e+23,6.97628e+28,6.90397e+28,5.76222e+57,-3.16302e+40,2.02644e+57,